loan_id,borrower_id,lender_id,disbursement_date,principal_amount,tenor_months
LN000001,B01102,L002,2026-07-07,28300000.00,12
LN000002,B00122,L003,2024-05-28,16900000.00,6
LN000003,B00086,L003,2025-09-28,11200000.00,12
LN000004,B01340,L001,2025-10-22,21600000.00,18
LN000005,B00721,L003,2024-11-08,5400000.00,18
LN000006,B00920,L002,2025-05-30,13000000.00,12
LN000007,B00623,L003,2025-09-07,15500000.00,6
LN000008,B01168,L004,2025-09-17,6900000.00,12
LN000009,B01221,L002,2024-05-30,16800000.00,9
LN000010,B00032,L004,2026-01-28,22300000.00,9
LN000011,B00939,L003,2024-01-22,23000000.00,12
LN000012,B01196,L001,2024-09-16,7000000.00,12
LN000013,B01321,L002,2025-04-21,29900000.00,12
LN000014,B00363,L003,2026-07-09,11300000.00,9
LN000015,B01394,L003,2025-10-03,4500000.00,12
LN000016,B01407,L002,2025-05-31,14100000.00,18
LN000017,B00553,L001,2026-02-04,28500000.00,12
LN000018,B00072,L001,2025-08-16,8400000.00,3
LN000019,B00565,L001,2024-04-20,9000000.00,3
LN000020,B00481,L001,2024-04-22,8200000.00,12
LN000021,B00241,L001,2026-08-15,7200000.00,12
LN000022,B01247,L002,2026-08-07,9400000.00,12
LN000023,B01202,L002,2025-02-06,2500000.00,6
LN000024,B01084,L001,2026-03-21,19700000.00,12
LN000025,B01285,L004,2024-11-03,24100000.00,6
LN000026,B00028,L002,2024-07-29,17600000.00,18
LN000027,B00897,L001,2024-06-28,8200000.00,6
LN000028,B01230,L001,2026-01-22,7900000.00,12
LN000029,B01261,L003,2024-02-16,10500000.00,6
LN000030,B00849,L001,2025-11-21,23600000.00,18
LN000031,B00526,L004,2026-05-31,25900000.00,9
LN000032,B00792,L001,2025-01-12,10100000.00,12
LN000033,B01196,L002,2024-04-04,9000000.00,9
LN000034,B00756,L002,2024-05-29,28700000.00,9
LN000035,B00349,L001,2026-08-23,12500000.00,12
LN000036,B00647,L002,2025-12-28,28600000.00,6
LN000037,B00779,L003,2026-08-15,13100000.00,9
LN000038,B01436,L002,2025-12-04,3900000.00,9
LN000039,B01421,L004,2026-04-28,8000000.00,12
LN000040,B00067,L002,2024-05-25,19500000.00,12
LN000041,B00925,L003,2026-02-25,23700000.00,12
LN000042,B00044,L001,2024-07-30,19200000.00,3
LN000043,B00074,L002,2025-10-31,4600000.00,6
LN000044,B00751,L003,2025-08-31,13000000.00,3
LN000045,B00349,L004,2024-05-30,29500000.00,6
LN000046,B00703,L002,2025-08-27,22000000.00,12
LN000047,B00294,L002,2025-07-16,7300000.00,6
LN000048,B00074,L001,2026-03-07,2700000.00,6
LN000049,B00825,L001,2025-07-20,27200000.00,12
LN000050,B01122,L001,2024-09-14,15100000.00,12
LN000051,B00744,L004,2025-06-26,1600000.00,6
LN000052,B00176,L003,2026-04-21,8400000.00,9
LN000053,B01179,L003,2024-12-10,5600000.00,6
LN000054,B01118,L001,2026-03-24,6700000.00,6
LN000055,B00835,L001,2024-02-26,3600000.00,12
LN000056,B00922,L004,2025-06-15,27100000.00,6
LN000057,B00869,L004,2026-08-21,10700000.00,9
LN000058,B00745,L002,2026-04-13,8800000.00,12
LN000059,B01335,L001,2024-08-13,21600000.00,9
LN000060,B01002,L001,2024-12-11,5700000.00,6
LN000061,B01393,L001,2025-09-28,12100000.00,3
LN000062,B00646,L001,2026-07-04,19500000.00,6
LN000063,B00518,L004,2025-12-23,22700000.00,18
LN000064,B00525,L004,2026-04-09,24100000.00,6
LN000065,B00483,L002,2024-04-08,4700000.00,6
LN000066,B00904,L002,2026-05-22,2500000.00,18
LN000067,B00877,L001,2024-08-29,23200000.00,6
LN000068,B01307,L003,2025-06-20,12000000.00,6
LN000069,B00331,L003,2024-09-30,3200000.00,12
LN000070,B01299,L001,2025-10-22,28100000.00,18
LN000071,B00205,L001,2026-05-22,11100000.00,6
LN000072,B00742,L001,2024-12-13,23400000.00,18
LN000073,B01000,L001,2024-03-08,26500000.00,12
LN000074,B00619,L002,2026-01-12,9200000.00,6
LN000075,B00197,L002,2025-08-01,28600000.00,6
LN000076,B01271,L001,2025-03-30,9600000.00,12
LN000077,B00586,L003,2024-04-11,11300000.00,6
LN000078,B00066,L001,2025-11-24,11600000.00,18
LN000079,B00145,L002,2025-05-15,13100000.00,6
LN000080,B01478,L001,2026-05-15,22300000.00,6
LN000081,B00391,L004,2026-03-06,29600000.00,9
LN000082,B01177,L001,2024-02-27,9400000.00,6
LN000083,B00588,L002,2024-10-04,28100000.00,18
LN000084,B00838,L003,2024-08-19,5300000.00,18
LN000085,B01382,L001,2024-11-11,7900000.00,12
LN000086,B00694,L004,2025-03-05,25500000.00,18
LN000087,B00457,L002,2025-12-14,5700000.00,12
LN000088,B00951,L001,2024-10-01,13700000.00,12
LN000089,B00043,L003,2026-05-07,12800000.00,9
LN000090,B00775,L001,2026-03-07,25700000.00,12
LN000091,B01368,L002,2025-04-18,5000000.00,12
LN000092,B00662,L001,2024-11-06,12600000.00,9
LN000093,B01380,L001,2025-12-30,24100000.00,9
LN000094,B00042,L001,2026-02-06,18200000.00,18
LN000095,B00854,L004,2024-11-29,4200000.00,18
LN000096,B00930,L001,2026-08-28,8700000.00,3
LN000097,B01330,L001,2024-01-25,20700000.00,9
LN000098,B00808,L001,2024-02-15,13500000.00,6
LN000099,B00281,L002,2025-10-17,11800000.00,12
LN000100,B00790,L001,2025-12-29,2000000.00,12
LN000101,B00511,L003,2024-07-20,14200000.00,6
LN000102,B00184,L004,2024-08-27,25500000.00,6
LN000103,B00199,L001,2026-07-24,4600000.00,3
LN000104,B01288,L003,2025-07-31,4900000.00,6
LN000105,B00027,L001,2025-02-17,14200000.00,9
LN000106,B01224,L003,2024-03-21,1900000.00,18
LN000107,B00248,L001,2026-05-11,4100000.00,6
LN000108,B01483,L004,2025-10-17,12200000.00,12
LN000109,B00001,L001,2025-12-13,24600000.00,6
LN000110,B00660,L001,2024-04-15,10800000.00,12
LN000111,B01028,L003,2024-06-03,4000000.00,12
LN000112,B00315,L002,2024-08-19,28500000.00,6
LN000113,B00666,L002,2026-02-16,17600000.00,12
LN000114,B01332,L003,2024-02-21,14800000.00,6
LN000115,B00671,L002,2026-06-28,15900000.00,6
LN000116,B00752,L002,2024-02-22,25800000.00,6
LN000117,B00304,L004,2025-09-12,28500000.00,3
LN000118,B01211,L002,2026-03-05,22600000.00,9
LN000119,B00443,L001,2025-03-21,28500000.00,12
LN000120,B00325,L003,2024-08-10,10200000.00,9
LN000121,B01312,L004,2026-01-28,4100000.00,6
LN000122,B00003,L001,2024-11-22,21300000.00,3
LN000123,B00933,L004,2025-12-09,22500000.00,6
LN000124,B00183,L001,2025-06-09,10100000.00,9
LN000125,B00162,L001,2025-08-15,15200000.00,9
LN000126,B00661,L001,2025-02-18,18400000.00,6
LN000127,B01167,L001,2024-03-10,21200000.00,9
LN000128,B01164,L002,2024-09-02,28700000.00,12
LN000129,B01001,L001,2024-06-20,20900000.00,9
LN000130,B00172,L002,2025-01-14,19900000.00,6
LN000131,B01071,L001,2026-05-06,22300000.00,12
LN000132,B01151,L001,2025-10-02,25500000.00,12
LN000133,B00427,L002,2025-11-30,26100000.00,12
LN000134,B00139,L001,2024-06-21,2300000.00,12
LN000135,B00499,L001,2026-04-09,12900000.00,12
LN000136,B00551,L001,2025-02-20,19500000.00,9
LN000137,B01067,L002,2025-11-28,18000000.00,6
LN000138,B00753,L001,2025-09-15,25100000.00,9
LN000139,B00972,L002,2026-04-16,15300000.00,12
LN000140,B01025,L003,2025-07-09,10300000.00,9
LN000141,B01087,L002,2024-12-05,22100000.00,12
LN000142,B01410,L004,2026-07-09,20200000.00,6
LN000143,B00316,L002,2026-05-05,21100000.00,12
LN000144,B01016,L004,2026-01-31,25600000.00,9
LN000145,B00491,L001,2025-07-15,20700000.00,9
LN000146,B00518,L002,2025-10-26,17000000.00,12
LN000147,B00236,L003,2024-04-27,18900000.00,18
LN000148,B00349,L003,2025-03-20,2400000.00,6
LN000149,B00306,L001,2024-08-06,10800000.00,12
LN000150,B00320,L001,2025-06-23,3500000.00,12
LN000151,B00583,L004,2025-06-30,14900000.00,12
LN000152,B00730,L004,2026-06-12,23900000.00,6
LN000153,B00667,L001,2024-03-11,30000000.00,9
LN000154,B00032,L003,2026-05-07,27600000.00,9
LN000155,B00349,L001,2025-02-21,10100000.00,6
LN000156,B00013,L002,2026-08-21,28500000.00,12
LN000157,B00096,L003,2026-01-06,3000000.00,6
LN000158,B01322,L004,2025-12-19,15200000.00,6
LN000159,B00107,L002,2024-01-20,17800000.00,18
LN000160,B01120,L001,2026-06-16,22900000.00,3
LN000161,B00239,L003,2026-02-14,2000000.00,12
LN000162,B00516,L001,2024-02-14,23200000.00,18
LN000163,B00845,L002,2024-01-27,24200000.00,6
LN000164,B00108,L004,2024-08-14,14800000.00,18
LN000165,B01298,L002,2026-03-17,21300000.00,6
LN000166,B01241,L002,2025-12-17,27600000.00,6
LN000167,B00789,L003,2025-11-01,24000000.00,12
LN000168,B01477,L001,2026-05-22,23400000.00,12
LN000169,B00961,L002,2025-11-16,4100000.00,18
LN000170,B00228,L002,2024-07-25,7100000.00,6
LN000171,B01115,L003,2025-05-16,10000000.00,9
LN000172,B00620,L001,2024-07-29,12100000.00,3
LN000173,B00913,L001,2025-07-04,8200000.00,12
LN000174,B01434,L003,2024-10-15,27000000.00,18
LN000175,B00088,L001,2024-03-28,14700000.00,12
LN000176,B00383,L001,2024-06-25,12000000.00,12
LN000177,B00691,L003,2024-08-02,15400000.00,18
LN000178,B00912,L001,2026-06-19,15800000.00,18
LN000179,B01137,L001,2025-02-28,2000000.00,9
LN000180,B01132,L002,2024-08-04,6000000.00,9
LN000181,B00598,L004,2024-10-08,28100000.00,18
LN000182,B00900,L001,2025-02-20,7500000.00,12
LN000183,B00205,L002,2026-06-25,10100000.00,6
LN000184,B01150,L003,2026-03-19,26200000.00,12
LN000185,B01001,L003,2024-04-13,21200000.00,18
LN000186,B00949,L004,2025-04-02,8400000.00,6
LN000187,B01180,L003,2024-09-22,25000000.00,12
LN000188,B00622,L002,2025-07-09,27200000.00,6
LN000189,B01140,L001,2024-11-23,2200000.00,9
LN000190,B00278,L001,2026-07-08,22600000.00,12
LN000191,B01152,L004,2026-06-10,9800000.00,9
LN000192,B00850,L002,2024-03-21,21200000.00,12
LN000193,B00040,L001,2025-06-06,3100000.00,9
LN000194,B00639,L001,2024-01-18,28400000.00,9
LN000195,B01188,L003,2026-01-18,16300000.00,18
LN000196,B00046,L001,2025-06-13,18000000.00,18
LN000197,B01002,L001,2026-06-15,23500000.00,12
LN000198,B00750,L003,2026-06-13,24600000.00,9
LN000199,B01190,L001,2025-05-21,26900000.00,12
LN000200,B00513,L001,2026-03-06,16500000.00,6
LN000201,B01246,L002,2024-09-28,6700000.00,9
LN000202,B01209,L003,2024-09-19,16700000.00,6
LN000203,B01239,L001,2025-01-19,5200000.00,3
LN000204,B01189,L002,2025-02-11,15900000.00,6
LN000205,B01432,L003,2024-11-18,21900000.00,12
LN000206,B01035,L004,2024-07-18,24800000.00,9
LN000207,B00329,L002,2025-08-01,12500000.00,12
LN000208,B01149,L001,2024-09-27,8100000.00,12
LN000209,B00241,L001,2024-08-04,4200000.00,6
LN000210,B01389,L002,2026-02-19,24200000.00,6
LN000211,B00837,L001,2024-01-10,29600000.00,9
LN000212,B00137,L003,2026-06-05,2500000.00,12
LN000213,B01394,L004,2024-01-24,13600000.00,18
LN000214,B01188,L001,2025-09-29,13200000.00,12
LN000215,B01320,L002,2026-05-30,14400000.00,9
LN000216,B00833,L001,2026-03-05,16100000.00,12
LN000217,B00172,L002,2026-01-24,26300000.00,6
LN000218,B01359,L001,2026-03-25,2700000.00,18
LN000219,B01153,L001,2024-05-02,22800000.00,12
LN000220,B00414,L003,2025-09-29,27900000.00,6
LN000221,B01108,L002,2024-05-10,15800000.00,12
LN000222,B01170,L003,2024-03-15,26500000.00,12
LN000223,B01329,L001,2025-10-21,12600000.00,6
LN000224,B00337,L004,2025-09-15,12100000.00,3
LN000225,B00499,L001,2026-01-08,24100000.00,12
LN000226,B01434,L001,2024-04-24,8000000.00,6
LN000227,B01208,L004,2025-07-24,26500000.00,3
LN000228,B00168,L001,2025-01-22,21100000.00,18
LN000229,B01236,L004,2026-01-01,4700000.00,9
LN000230,B00849,L003,2024-04-19,4300000.00,6
LN000231,B00811,L004,2025-12-25,2800000.00,12
LN000232,B00799,L003,2024-01-18,27500000.00,3
LN000233,B00993,L002,2026-04-30,5600000.00,12
LN000234,B00740,L001,2026-06-29,9400000.00,12
LN000235,B00991,L003,2026-03-24,11900000.00,12
LN000236,B00716,L001,2026-01-01,25000000.00,12
LN000237,B00689,L003,2024-07-02,25200000.00,18
LN000238,B00356,L001,2024-05-28,4300000.00,3
LN000239,B00065,L002,2025-01-09,2100000.00,6
LN000240,B00624,L001,2024-06-14,29100000.00,6
LN000241,B01256,L001,2024-07-04,13800000.00,18
LN000242,B00187,L001,2024-11-18,21200000.00,12
LN000243,B01130,L003,2024-01-23,2700000.00,6
LN000244,B00169,L003,2024-11-23,19600000.00,6
LN000245,B00566,L002,2025-07-27,26700000.00,12
LN000246,B01236,L002,2024-01-14,29600000.00,9
LN000247,B00254,L003,2025-05-31,28400000.00,12
LN000248,B01109,L001,2024-04-30,16900000.00,9
LN000249,B00102,L001,2025-09-10,3500000.00,6
LN000250,B00618,L004,2024-05-17,12800000.00,18
LN000251,B01030,L002,2025-08-07,3900000.00,3
LN000252,B01272,L001,2025-05-09,27500000.00,12
LN000253,B01496,L003,2025-02-09,28400000.00,18
LN000254,B01046,L002,2026-04-12,13700000.00,12
LN000255,B01263,L001,2025-08-25,9900000.00,6
LN000256,B00970,L002,2026-05-20,5000000.00,18
LN000257,B01468,L003,2025-01-10,15900000.00,6
LN000258,B00277,L003,2024-05-03,25300000.00,9
LN000259,B00631,L001,2025-04-02,5200000.00,18
LN000260,B00363,L003,2025-05-25,29700000.00,12
LN000261,B00643,L002,2025-12-01,29300000.00,6
LN000262,B00927,L001,2024-05-23,21900000.00,3
LN000263,B00694,L002,2026-07-11,3400000.00,6
LN000264,B00368,L001,2024-10-10,14400000.00,12
LN000265,B00036,L001,2026-01-05,10500000.00,12
LN000266,B01213,L001,2025-12-12,21900000.00,12
LN000267,B00495,L002,2026-03-29,19900000.00,12
LN000268,B00939,L003,2024-04-18,20800000.00,9
LN000269,B01035,L003,2024-11-10,20800000.00,12
LN000270,B01183,L002,2024-07-31,9200000.00,12
LN000271,B01187,L002,2025-07-10,2600000.00,18
LN000272,B00938,L001,2024-02-18,8700000.00,6
LN000273,B01493,L003,2024-04-27,22000000.00,6
LN000274,B00046,L001,2024-09-02,28900000.00,9
LN000275,B00602,L004,2026-08-07,8600000.00,12
LN000276,B01499,L004,2024-03-27,24500000.00,12
LN000277,B00316,L001,2024-07-05,6600000.00,6
LN000278,B00369,L001,2026-04-30,20600000.00,12
LN000279,B00753,L002,2024-09-15,14600000.00,9
LN000280,B00052,L002,2025-10-23,7500000.00,18
LN000281,B00072,L003,2026-08-20,8100000.00,9
LN000282,B01075,L002,2026-08-29,19000000.00,12
LN000283,B00885,L003,2024-03-03,24900000.00,6
LN000284,B00280,L002,2026-05-04,24700000.00,12
LN000285,B00748,L002,2024-12-05,11500000.00,12
LN000286,B00026,L001,2024-02-28,23800000.00,9
LN000287,B00437,L001,2024-04-07,12200000.00,6
LN000288,B00455,L002,2024-04-23,11600000.00,9
LN000289,B00700,L002,2026-02-27,14200000.00,3
LN000290,B01127,L001,2026-01-01,13800000.00,12
LN000291,B00230,L001,2025-06-25,12100000.00,12
LN000292,B00822,L001,2026-05-10,22600000.00,3
LN000293,B00553,L001,2024-09-24,19800000.00,18
LN000294,B01337,L003,2025-02-14,29200000.00,9
LN000295,B01116,L001,2025-01-19,6200000.00,12
LN000296,B00416,L002,2025-04-01,14400000.00,9
LN000297,B00816,L003,2025-08-20,26200000.00,12
LN000298,B00468,L002,2026-03-03,27600000.00,6
LN000299,B00303,L001,2025-06-04,15600000.00,9
LN000300,B00476,L003,2025-03-21,24300000.00,9
LN000301,B01361,L003,2026-08-24,1900000.00,9
LN000302,B01443,L001,2024-05-24,5400000.00,9
LN000303,B00478,L001,2024-08-16,8900000.00,12
LN000304,B01052,L003,2025-12-05,17900000.00,12
LN000305,B00271,L001,2026-02-20,18400000.00,12
LN000306,B01044,L003,2025-02-17,5200000.00,12
LN000307,B00371,L002,2024-07-30,26100000.00,9
LN000308,B00302,L001,2026-05-12,21200000.00,18
LN000309,B00625,L002,2025-07-24,27700000.00,12
LN000310,B01144,L001,2024-12-10,28800000.00,12
LN000311,B00891,L001,2025-10-19,10800000.00,6
LN000312,B00081,L003,2025-06-20,3500000.00,12
LN000313,B01270,L003,2025-12-31,28500000.00,12
LN000314,B00373,L004,2024-12-21,22700000.00,3
LN000315,B01386,L002,2026-05-15,20500000.00,12
LN000316,B00305,L002,2025-04-09,23700000.00,12
LN000317,B00772,L003,2025-10-31,5100000.00,12
LN000318,B00227,L001,2025-11-19,23100000.00,18
LN000319,B00497,L003,2026-04-01,8200000.00,6
LN000320,B00684,L001,2026-02-01,6400000.00,9
LN000321,B01336,L003,2024-07-27,9900000.00,12
LN000322,B01022,L003,2024-02-05,4600000.00,6
LN000323,B01117,L002,2024-09-30,11000000.00,12
LN000324,B00454,L002,2025-07-11,23800000.00,18
LN000325,B01458,L002,2024-08-02,9400000.00,6
LN000326,B00469,L002,2024-10-16,12500000.00,9
LN000327,B01247,L001,2024-07-28,10600000.00,12
LN000328,B00549,L002,2024-01-18,24200000.00,12
LN000329,B01081,L004,2025-06-16,24200000.00,6
LN000330,B01379,L001,2025-09-25,8400000.00,12
LN000331,B01381,L001,2025-03-13,28900000.00,12
LN000332,B00213,L001,2025-05-11,25300000.00,12
LN000333,B00917,L003,2026-08-09,18900000.00,9
LN000334,B00543,L001,2025-08-29,24900000.00,18
LN000335,B00821,L003,2026-06-25,11500000.00,9
LN000336,B00003,L001,2025-09-01,2300000.00,12
LN000337,B00887,L002,2025-10-24,6800000.00,6
LN000338,B00098,L004,2025-12-26,16400000.00,6
LN000339,B00685,L001,2025-07-28,8400000.00,9
LN000340,B00428,L002,2024-01-16,18600000.00,9
LN000341,B01413,L003,2026-07-12,23800000.00,3
LN000342,B00869,L001,2026-03-10,20200000.00,6
LN000343,B00455,L002,2025-05-07,11500000.00,9
LN000344,B00464,L002,2026-05-29,8800000.00,3
LN000345,B01188,L002,2025-09-23,7300000.00,12
LN000346,B00179,L001,2026-01-05,26400000.00,9
LN000347,B00132,L004,2024-06-30,19600000.00,12
LN000348,B00487,L002,2025-07-26,8100000.00,9
LN000349,B00370,L004,2024-01-18,29300000.00,6
LN000350,B01412,L003,2025-08-18,28800000.00,18
LN000351,B00182,L001,2024-03-31,22600000.00,6
LN000352,B00665,L004,2026-08-09,4400000.00,3
LN000353,B00394,L002,2024-04-13,25700000.00,12
LN000354,B00241,L003,2026-07-27,10200000.00,12
LN000355,B00698,L004,2025-04-01,5200000.00,6
LN000356,B00098,L002,2024-05-07,21900000.00,12
LN000357,B00584,L002,2024-02-25,10700000.00,12
LN000358,B00215,L003,2026-06-06,5100000.00,6
LN000359,B00610,L003,2025-03-06,14400000.00,9
LN000360,B00352,L001,2025-11-01,2200000.00,3
LN000361,B00368,L001,2024-06-22,22800000.00,12
LN000362,B01124,L004,2026-07-08,13100000.00,9
LN000363,B01203,L001,2025-03-23,25500000.00,9
LN000364,B00397,L002,2026-07-26,5100000.00,12
LN000365,B00415,L003,2026-08-04,4200000.00,9
LN000366,B00475,L001,2026-03-03,14300000.00,6
LN000367,B00427,L004,2026-04-20,18500000.00,6
LN000368,B00766,L002,2025-10-28,27100000.00,3
LN000369,B00969,L002,2024-01-29,6800000.00,18
LN000370,B00674,L002,2025-07-22,16700000.00,9
LN000371,B01151,L004,2025-03-30,26100000.00,12
LN000372,B00364,L001,2024-02-26,20500000.00,9
LN000373,B01071,L001,2024-01-11,14600000.00,6
LN000374,B00397,L002,2024-10-25,14900000.00,12
LN000375,B00481,L002,2024-12-23,17400000.00,12
LN000376,B00223,L002,2024-12-08,15400000.00,9
LN000377,B00025,L001,2025-01-28,15700000.00,9
LN000378,B00325,L003,2026-03-28,26600000.00,3
LN000379,B00291,L001,2024-05-22,19500000.00,12
LN000380,B00683,L001,2026-03-23,20200000.00,9
LN000381,B00567,L004,2024-06-10,16500000.00,12
LN000382,B01102,L003,2024-01-03,11900000.00,12
LN000383,B00250,L001,2026-05-12,20900000.00,18
LN000384,B01408,L001,2024-01-16,1900000.00,3
LN000385,B01453,L002,2025-12-12,26000000.00,6
LN000386,B00885,L001,2026-05-07,21600000.00,18
LN000387,B00730,L002,2026-03-24,28500000.00,12
LN000388,B00215,L001,2026-07-07,24000000.00,6
LN000389,B01337,L002,2026-01-05,26900000.00,9
LN000390,B01037,L001,2026-01-29,1700000.00,6
LN000391,B00843,L003,2024-01-01,10100000.00,9
LN000392,B00674,L001,2025-05-26,2700000.00,18
LN000393,B00059,L001,2024-10-23,9300000.00,6
LN000394,B01266,L003,2024-12-26,18800000.00,6
LN000395,B00424,L002,2025-05-10,14500000.00,3
LN000396,B01309,L003,2026-02-21,25300000.00,12
LN000397,B00751,L003,2024-09-26,8700000.00,18
LN000398,B00093,L004,2025-02-21,13500000.00,18
LN000399,B00378,L002,2026-06-30,2600000.00,12
LN000400,B00914,L001,2025-10-07,29200000.00,12
LN000401,B01019,L001,2025-01-26,9000000.00,12
LN000402,B00814,L002,2026-08-19,10800000.00,12
LN000403,B01477,L001,2024-02-21,15600000.00,6
LN000404,B00997,L003,2025-07-01,22200000.00,6
LN000405,B01496,L003,2025-06-02,28700000.00,12
LN000406,B01239,L001,2025-09-17,3600000.00,12
LN000407,B01097,L001,2026-03-10,15700000.00,12
LN000408,B00396,L002,2026-06-30,17600000.00,3
LN000409,B00484,L002,2024-11-11,23700000.00,12
LN000410,B00841,L002,2026-04-29,9200000.00,18
LN000411,B00250,L001,2025-07-03,23000000.00,18
LN000412,B00820,L004,2024-11-23,19900000.00,6
LN000413,B01422,L003,2025-08-26,1500000.00,12
LN000414,B00760,L004,2025-04-23,22300000.00,18
LN000415,B01058,L003,2024-05-03,11100000.00,18
LN000416,B01456,L002,2025-03-25,18000000.00,18
LN000417,B00081,L003,2024-09-27,19100000.00,12
LN000418,B00849,L001,2024-01-09,11100000.00,3
LN000419,B00708,L001,2026-07-29,22200000.00,12
LN000420,B00580,L004,2024-06-03,28900000.00,12
LN000421,B00265,L002,2024-10-16,28100000.00,6
LN000422,B01444,L002,2026-03-05,29500000.00,6
LN000423,B01397,L001,2025-03-27,18800000.00,3
LN000424,B01044,L001,2024-02-09,23300000.00,6
LN000425,B00410,L004,2024-05-11,18800000.00,6
LN000426,B01232,L002,2025-08-13,14700000.00,12
LN000427,B00224,L003,2024-10-28,21100000.00,6
LN000428,B00902,L003,2025-03-25,29900000.00,9
LN000429,B01319,L004,2024-11-15,12100000.00,6
LN000430,B00799,L004,2024-08-05,4200000.00,12
LN000431,B00637,L002,2025-03-14,6500000.00,3
LN000432,B00659,L003,2025-03-11,25900000.00,12
LN000433,B00061,L004,2024-03-12,17600000.00,18
LN000434,B00988,L002,2026-08-04,5800000.00,18
LN000435,B00690,L001,2025-09-18,21000000.00,6
LN000436,B01279,L004,2025-02-24,13100000.00,12
LN000437,B00535,L001,2025-02-25,16500000.00,9
LN000438,B00423,L004,2026-05-09,21700000.00,18
LN000439,B01445,L003,2025-04-17,4700000.00,18
LN000440,B00702,L002,2026-02-08,3700000.00,12
LN000441,B01190,L001,2025-10-30,13300000.00,6
LN000442,B01283,L003,2024-07-09,18400000.00,12
LN000443,B00368,L002,2026-03-27,8300000.00,18
LN000444,B00340,L001,2024-08-15,15100000.00,6
LN000445,B01381,L001,2025-03-29,4200000.00,12
LN000446,B01250,L004,2026-07-01,5200000.00,18
LN000447,B00719,L001,2024-02-10,25300000.00,12
LN000448,B00513,L001,2026-02-21,2400000.00,6
LN000449,B00006,L001,2025-09-05,9800000.00,12
LN000450,B00273,L001,2026-08-30,14100000.00,9
LN000451,B01053,L001,2024-07-06,18400000.00,6
LN000452,B01207,L001,2024-11-24,5500000.00,12
LN000453,B00811,L001,2024-01-19,18100000.00,18
LN000454,B00765,L003,2024-08-27,15700000.00,9
LN000455,B00487,L004,2026-04-27,7900000.00,6
LN000456,B01184,L001,2024-12-27,4700000.00,6
LN000457,B00592,L002,2025-12-02,28700000.00,12
LN000458,B01423,L001,2026-06-30,2000000.00,12
LN000459,B01176,L004,2024-02-12,20200000.00,6
LN000460,B00022,L002,2025-07-06,4000000.00,12
LN000461,B01496,L001,2026-05-29,18000000.00,6
LN000462,B00121,L001,2025-06-24,24600000.00,12
LN000463,B01026,L001,2025-01-17,17900000.00,3
LN000464,B00157,L003,2024-10-27,9800000.00,18
LN000465,B00513,L001,2024-07-17,7300000.00,9
LN000466,B00902,L001,2024-11-11,9300000.00,3
LN000467,B01282,L001,2024-07-20,13100000.00,3
LN000468,B00423,L001,2024-06-07,24900000.00,9
LN000469,B00999,L003,2026-05-25,21100000.00,6
LN000470,B00744,L001,2024-06-28,2400000.00,6
LN000471,B00435,L003,2025-09-13,20700000.00,18
LN000472,B00469,L001,2024-12-29,9200000.00,6
LN000473,B01017,L002,2025-09-04,29500000.00,18
LN000474,B00792,L001,2024-09-17,7500000.00,9
LN000475,B01367,L003,2024-07-22,24700000.00,6
LN000476,B00599,L002,2024-03-20,20400000.00,18
LN000477,B01179,L001,2024-06-03,23500000.00,6
LN000478,B01368,L003,2026-02-13,26500000.00,6
LN000479,B00357,L002,2024-08-12,1700000.00,12
LN000480,B01157,L002,2025-10-24,9300000.00,18
LN000481,B01059,L001,2024-11-16,19900000.00,12
LN000482,B00128,L001,2025-09-13,11100000.00,12
LN000483,B01045,L004,2026-03-01,19400000.00,12
LN000484,B01365,L001,2026-05-06,24800000.00,12
LN000485,B01331,L001,2026-02-25,5900000.00,12
LN000486,B00266,L001,2024-01-03,18400000.00,9
LN000487,B00322,L001,2024-08-16,1900000.00,12
LN000488,B01407,L001,2025-09-07,17100000.00,6
LN000489,B01405,L001,2024-12-10,2300000.00,12
LN000490,B01122,L004,2024-11-16,10500000.00,6
LN000491,B00486,L003,2026-03-28,4300000.00,6
LN000492,B01298,L004,2026-05-12,9400000.00,12
LN000493,B00414,L003,2025-05-02,6100000.00,9
LN000494,B00874,L002,2026-04-06,19400000.00,6
LN000495,B00792,L001,2026-05-19,20400000.00,6
LN000496,B00834,L001,2026-08-02,16200000.00,9
LN000497,B00244,L001,2025-09-09,21100000.00,12
LN000498,B00255,L002,2024-05-28,13700000.00,12
LN000499,B01308,L001,2026-08-31,28100000.00,9
LN000500,B01049,L003,2025-10-30,26600000.00,6
LN000501,B01402,L003,2024-05-09,5600000.00,12
LN000502,B00226,L002,2025-03-23,4700000.00,12
LN000503,B00911,L002,2024-10-06,13500000.00,6
LN000504,B00990,L002,2024-11-06,12400000.00,9
LN000505,B00260,L002,2024-09-18,18100000.00,6
LN000506,B01144,L002,2025-03-29,19400000.00,18
LN000507,B00104,L001,2025-02-18,20300000.00,12
LN000508,B00998,L003,2025-09-19,10600000.00,12
LN000509,B00196,L002,2026-02-15,14200000.00,6
LN000510,B01498,L001,2026-03-31,6000000.00,12
LN000511,B00422,L001,2025-12-05,15500000.00,6
LN000512,B01044,L002,2026-02-16,2200000.00,3
LN000513,B00469,L003,2025-10-04,23700000.00,6
LN000514,B00298,L001,2024-09-02,20100000.00,12
LN000515,B00474,L002,2026-07-24,28600000.00,6
LN000516,B00774,L003,2025-03-24,14600000.00,12
LN000517,B00152,L001,2024-05-31,5900000.00,12
LN000518,B01370,L003,2025-03-13,25800000.00,9
LN000519,B00518,L003,2025-07-01,19200000.00,9
LN000520,B00107,L003,2026-08-22,10000000.00,6
LN000521,B00803,L004,2026-06-05,16700000.00,6
LN000522,B00527,L004,2024-11-18,28700000.00,6
LN000523,B01022,L002,2024-09-05,24500000.00,9
LN000524,B00751,L002,2024-11-09,12600000.00,12
LN000525,B00732,L002,2024-08-10,5800000.00,18
LN000526,B00368,L003,2026-06-11,15500000.00,6
LN000527,B00791,L004,2026-05-29,29700000.00,3
LN000528,B00906,L003,2026-05-14,23500000.00,3
LN000529,B00906,L003,2025-06-07,8700000.00,3
LN000530,B01253,L003,2025-09-26,11200000.00,6
LN000531,B00915,L001,2024-09-08,6300000.00,12
LN000532,B00907,L001,2025-02-04,15700000.00,12
LN000533,B00426,L002,2024-03-31,4100000.00,12
LN000534,B00476,L002,2026-08-26,9500000.00,12
LN000535,B00559,L003,2024-11-24,7700000.00,6
LN000536,B01100,L001,2025-02-09,1500000.00,6
LN000537,B00113,L003,2026-05-19,25000000.00,18
LN000538,B00650,L003,2026-07-31,5000000.00,3
LN000539,B00788,L001,2026-06-16,28800000.00,18
LN000540,B01049,L001,2024-04-22,28300000.00,9
LN000541,B01450,L002,2024-04-23,8300000.00,18
LN000542,B00210,L002,2024-09-13,3400000.00,12
LN000543,B00267,L004,2024-06-19,3900000.00,12
LN000544,B00035,L001,2024-12-21,28900000.00,12
LN000545,B00016,L001,2026-04-11,23000000.00,6
LN000546,B00688,L004,2026-03-15,7000000.00,12
LN000547,B01193,L004,2025-09-26,11900000.00,6
LN000548,B00986,L001,2025-08-31,27000000.00,3
LN000549,B01161,L004,2026-07-14,5900000.00,6
LN000550,B00374,L002,2026-07-19,10300000.00,12
LN000551,B00782,L001,2025-10-25,21400000.00,12
LN000552,B00153,L003,2026-04-20,3800000.00,12
LN000553,B00770,L001,2024-07-25,23900000.00,12
LN000554,B00347,L001,2024-01-24,10400000.00,12
LN000555,B00118,L001,2026-03-11,16500000.00,6
LN000556,B00136,L004,2024-08-19,23800000.00,18
LN000557,B01011,L002,2024-09-19,8600000.00,6
LN000558,B01377,L002,2026-01-21,13100000.00,18
LN000559,B00957,L003,2025-06-16,18500000.00,6
LN000560,B00263,L002,2024-03-30,6500000.00,9
LN000561,B01386,L003,2025-01-22,10200000.00,6
LN000562,B00917,L001,2026-03-17,28000000.00,6
LN000563,B01165,L001,2024-02-20,28100000.00,9
LN000564,B00223,L001,2025-10-29,8600000.00,12
LN000565,B01472,L001,2024-02-09,18500000.00,6
LN000566,B00350,L001,2024-11-25,4400000.00,9
LN000567,B01450,L004,2025-04-25,24700000.00,6
LN000568,B00503,L001,2025-04-02,14500000.00,12
LN000569,B00915,L002,2025-05-14,24700000.00,9
LN000570,B00173,L003,2024-04-13,21700000.00,12
LN000571,B01237,L002,2026-01-12,21800000.00,3
LN000572,B00152,L001,2025-05-10,7500000.00,3
LN000573,B00319,L002,2024-09-04,28500000.00,18
LN000574,B00552,L001,2025-03-24,3100000.00,9
LN000575,B00632,L004,2026-05-30,22000000.00,6
LN000576,B00789,L001,2024-01-07,26400000.00,6
LN000577,B00485,L001,2025-12-03,27100000.00,9
LN000578,B01328,L003,2025-02-21,5300000.00,6
LN000579,B01025,L002,2026-02-05,22800000.00,18
LN000580,B00914,L002,2025-05-05,15100000.00,9
LN000581,B01351,L002,2024-05-06,23400000.00,6
LN000582,B00719,L001,2025-11-27,11400000.00,3
LN000583,B00475,L001,2024-05-30,20200000.00,9
LN000584,B00245,L003,2026-07-24,21100000.00,12
LN000585,B01337,L002,2024-03-17,6300000.00,6
LN000586,B00019,L002,2026-07-19,24300000.00,18
LN000587,B00357,L004,2026-07-18,23500000.00,18
LN000588,B01176,L003,2024-05-22,3700000.00,3
LN000589,B00155,L003,2026-06-15,2800000.00,6
LN000590,B01287,L002,2026-07-09,5500000.00,12
LN000591,B01002,L001,2024-04-11,23000000.00,9
LN000592,B00561,L002,2024-09-04,6200000.00,12
LN000593,B00750,L002,2025-11-29,26800000.00,6
LN000594,B00362,L001,2025-09-22,21300000.00,6
LN000595,B00785,L003,2026-01-11,4400000.00,9
LN000596,B00433,L001,2024-10-03,25300000.00,3
LN000597,B00268,L004,2025-07-28,21600000.00,3
LN000598,B00101,L001,2024-09-20,23000000.00,12
LN000599,B00621,L001,2025-02-11,10700000.00,6
LN000600,B00521,L001,2024-09-06,29600000.00,12
LN000601,B00048,L004,2024-02-26,7600000.00,6
LN000602,B01355,L003,2025-01-25,20800000.00,12
LN000603,B01242,L002,2026-08-13,3800000.00,9
LN000604,B00968,L001,2025-09-20,14700000.00,6
LN000605,B00836,L001,2024-06-09,29100000.00,6
LN000606,B01100,L001,2025-02-05,29300000.00,12
LN000607,B00141,L003,2025-07-24,5600000.00,6
LN000608,B00890,L001,2025-06-23,11400000.00,18
LN000609,B01172,L004,2025-07-28,24900000.00,12
LN000610,B00626,L002,2026-02-18,15800000.00,12
LN000611,B00479,L003,2025-12-05,4200000.00,12
LN000612,B00780,L001,2024-03-10,7700000.00,6
LN000613,B01454,L002,2024-06-09,8900000.00,9
LN000614,B00287,L004,2024-02-06,21100000.00,6
LN000615,B01331,L001,2026-08-17,18300000.00,9
LN000616,B00387,L001,2026-08-01,27800000.00,12
LN000617,B01074,L003,2025-07-19,19900000.00,12
LN000618,B00972,L003,2025-12-24,25600000.00,18
LN000619,B00439,L003,2025-12-11,17500000.00,9
LN000620,B00087,L001,2025-12-15,19300000.00,6
LN000621,B00024,L002,2026-07-21,16800000.00,12
LN000622,B01204,L003,2024-08-05,3200000.00,3
LN000623,B00975,L002,2024-03-27,26800000.00,12
LN000624,B00132,L003,2024-05-15,13400000.00,9
LN000625,B00842,L002,2024-12-08,8500000.00,6
LN000626,B01137,L002,2025-08-11,15500000.00,9
LN000627,B01422,L001,2026-03-05,3600000.00,6
LN000628,B00468,L001,2024-07-18,13400000.00,12
LN000629,B00955,L001,2024-04-01,18900000.00,6
LN000630,B00762,L001,2024-10-22,16000000.00,6
LN000631,B00741,L002,2026-01-29,21100000.00,3
LN000632,B00797,L001,2024-06-27,17500000.00,9
LN000633,B00845,L003,2024-05-30,8100000.00,12
LN000634,B00901,L001,2026-04-20,13400000.00,12
LN000635,B00391,L003,2026-07-31,8400000.00,12
LN000636,B00869,L002,2024-08-27,12600000.00,6
LN000637,B00237,L001,2025-09-29,10600000.00,6
LN000638,B00699,L002,2025-11-28,25400000.00,6
LN000639,B01249,L002,2026-05-03,1800000.00,12
LN000640,B00919,L003,2025-07-10,6100000.00,9
LN000641,B00287,L003,2024-02-20,24600000.00,12
LN000642,B00636,L004,2024-08-23,13200000.00,12
LN000643,B01277,L002,2025-04-01,25200000.00,12
LN000644,B00235,L001,2024-05-08,17400000.00,9
LN000645,B00831,L003,2024-11-02,17700000.00,6
LN000646,B00854,L003,2024-11-13,27100000.00,18
LN000647,B01275,L001,2024-05-06,10800000.00,3
LN000648,B00851,L004,2024-09-16,9900000.00,18
LN000649,B01323,L002,2024-01-03,14300000.00,12
LN000650,B00692,L001,2026-06-15,15600000.00,6
LN000651,B00536,L001,2026-07-07,7300000.00,12
LN000652,B01316,L001,2026-03-12,21200000.00,6
LN000653,B00488,L001,2025-02-14,27400000.00,9
LN000654,B01076,L001,2024-10-04,4100000.00,6
LN000655,B01095,L003,2026-02-14,17100000.00,18
LN000656,B00842,L001,2026-03-26,27900000.00,12
LN000657,B00861,L001,2024-03-09,21100000.00,12
LN000658,B00533,L001,2025-09-16,5100000.00,9
LN000659,B01045,L004,2026-05-30,29400000.00,18
LN000660,B00222,L003,2025-11-03,21500000.00,12
LN000661,B00277,L001,2025-11-27,19200000.00,9
LN000662,B00126,L004,2024-07-04,19900000.00,3
LN000663,B00987,L002,2025-06-13,4000000.00,6
LN000664,B01111,L001,2024-07-23,15900000.00,18
LN000665,B01174,L002,2024-03-09,25200000.00,6
LN000666,B01398,L003,2025-08-12,14800000.00,18
LN000667,B00505,L002,2025-07-09,11900000.00,3
LN000668,B00987,L003,2025-05-27,27400000.00,9
LN000669,B00079,L003,2024-07-11,20300000.00,12
LN000670,B01453,L001,2025-05-03,5300000.00,12
LN000671,B00436,L001,2025-01-30,9000000.00,9
LN000672,B00486,L002,2024-06-25,2600000.00,12
LN000673,B00661,L003,2024-02-01,9600000.00,9
LN000674,B00301,L001,2025-01-01,5100000.00,12
LN000675,B00564,L001,2025-04-27,16700000.00,12
LN000676,B00257,L002,2025-11-29,2000000.00,6
LN000677,B01455,L003,2025-02-12,7500000.00,18
LN000678,B00138,L004,2025-04-17,13400000.00,6
LN000679,B00989,L002,2025-07-02,11100000.00,12
LN000680,B00829,L003,2024-02-28,5400000.00,18
LN000681,B00031,L004,2025-08-16,28800000.00,6
LN000682,B00848,L001,2024-12-25,6900000.00,9
LN000683,B00523,L001,2026-02-11,19300000.00,3
LN000684,B00035,L001,2025-10-21,28400000.00,12
LN000685,B00170,L001,2025-08-23,17900000.00,12
LN000686,B00219,L001,2026-02-20,19200000.00,9
LN000687,B00668,L001,2025-03-20,21000000.00,12
LN000688,B00147,L001,2026-07-31,7300000.00,9
LN000689,B00917,L002,2025-01-24,28200000.00,9
LN000690,B00189,L001,2026-07-14,15300000.00,12
LN000691,B01192,L002,2024-02-15,26400000.00,12
LN000692,B00500,L002,2026-08-10,6200000.00,9
LN000693,B00187,L001,2024-05-20,10300000.00,18
LN000694,B00657,L002,2026-07-05,26600000.00,12
LN000695,B00300,L004,2024-07-04,18100000.00,9
LN000696,B01132,L002,2024-02-09,28800000.00,9
LN000697,B00938,L004,2025-01-10,2300000.00,9
LN000698,B00038,L001,2025-12-17,3200000.00,9
LN000699,B01395,L002,2026-07-27,14600000.00,9
LN000700,B00193,L001,2024-12-29,16000000.00,12
LN000701,B00081,L002,2024-02-21,8600000.00,9
LN000702,B01353,L002,2024-02-29,13000000.00,18
LN000703,B01282,L001,2025-02-14,28000000.00,6
LN000704,B01335,L002,2024-07-30,20600000.00,12
LN000705,B01485,L001,2026-02-16,26900000.00,3
LN000706,B00062,L004,2026-07-17,23800000.00,6
LN000707,B00287,L003,2024-06-09,12500000.00,6
LN000708,B00198,L002,2025-03-10,16300000.00,12
LN000709,B01016,L001,2024-03-01,1800000.00,12
LN000710,B01414,L004,2025-08-07,4800000.00,3
LN000711,B00809,L001,2024-12-26,23900000.00,9
LN000712,B00180,L003,2026-01-15,26800000.00,12
LN000713,B00181,L002,2024-03-01,28800000.00,6
LN000714,B00794,L002,2024-05-16,11400000.00,3
LN000715,B00846,L001,2024-11-01,18600000.00,6
LN000716,B00848,L003,2024-08-02,16100000.00,6
LN000717,B00783,L002,2026-02-23,21900000.00,12
LN000718,B00836,L001,2025-04-20,18400000.00,12
LN000719,B00492,L001,2024-10-30,28000000.00,12
LN000720,B00355,L002,2024-02-08,11900000.00,12
LN000721,B00402,L003,2024-08-04,9000000.00,18
LN000722,B01227,L001,2026-08-23,27300000.00,12
LN000723,B00328,L004,2024-12-13,18100000.00,12
LN000724,B00895,L003,2025-06-24,22600000.00,12
LN000725,B01169,L001,2024-01-26,21800000.00,18
LN000726,B00215,L001,2025-11-26,11200000.00,12
LN000727,B00474,L003,2026-06-09,5500000.00,9
LN000728,B00658,L004,2024-10-01,9300000.00,18
LN000729,B00557,L001,2024-02-10,18400000.00,9
LN000730,B00438,L004,2026-06-17,5300000.00,9
LN000731,B00734,L002,2025-12-03,25100000.00,12
LN000732,B00055,L003,2026-06-20,3500000.00,12
LN000733,B00787,L001,2026-05-15,16500000.00,3
LN000734,B01139,L001,2025-06-28,27300000.00,6
LN000735,B00803,L002,2025-09-11,26600000.00,6
LN000736,B00763,L001,2026-06-23,19000000.00,12
LN000737,B01052,L003,2024-04-30,23200000.00,18
LN000738,B00306,L003,2026-08-01,26700000.00,6
LN000739,B00226,L002,2024-12-21,23300000.00,18
LN000740,B00653,L001,2024-10-02,13600000.00,6
LN000741,B00950,L002,2026-01-07,15400000.00,12
LN000742,B00338,L002,2025-02-01,21600000.00,9
LN000743,B00671,L001,2025-11-02,15000000.00,12
LN000744,B01347,L003,2025-04-11,6300000.00,12
LN000745,B01071,L001,2024-02-19,18400000.00,6
LN000746,B01102,L002,2024-05-19,15600000.00,6
LN000747,B00588,L003,2025-04-27,18600000.00,3
LN000748,B01030,L001,2025-03-02,27600000.00,9
LN000749,B01165,L003,2026-06-29,27800000.00,9
LN000750,B00409,L001,2024-12-15,8900000.00,12
LN000751,B00593,L004,2026-07-22,10800000.00,3
LN000752,B00256,L003,2024-10-05,29300000.00,18
LN000753,B00604,L004,2024-10-23,22600000.00,6
LN000754,B00571,L003,2025-01-08,19100000.00,9
LN000755,B00550,L001,2026-01-22,11500000.00,18
LN000756,B00370,L002,2025-10-20,9900000.00,3
LN000757,B00984,L001,2026-03-28,12600000.00,18
LN000758,B01388,L002,2024-02-16,8100000.00,6
LN000759,B00538,L004,2024-02-10,27500000.00,6
LN000760,B01015,L004,2026-03-12,9500000.00,9
LN000761,B01493,L002,2024-01-25,5000000.00,9
LN000762,B00490,L003,2025-04-14,22500000.00,12
LN000763,B00166,L001,2026-08-25,5500000.00,12
LN000764,B00964,L003,2025-08-04,2600000.00,12
LN000765,B00771,L002,2024-01-08,20500000.00,6
LN000766,B00917,L004,2024-03-07,8000000.00,12
LN000767,B00791,L002,2026-02-19,13100000.00,6
LN000768,B00333,L002,2024-12-30,16100000.00,9
LN000769,B00460,L001,2025-05-14,7000000.00,18
LN000770,B01123,L001,2026-06-15,6100000.00,6
LN000771,B00362,L001,2026-03-11,13600000.00,12
LN000772,B00471,L002,2026-03-09,19800000.00,12
LN000773,B01181,L001,2024-10-18,13200000.00,12
LN000774,B00278,L002,2026-07-20,29100000.00,12
LN000775,B00682,L001,2024-02-06,14500000.00,12
LN000776,B01281,L002,2025-04-14,20700000.00,6
LN000777,B01296,L003,2025-02-08,3800000.00,18
LN000778,B00011,L001,2025-12-04,26400000.00,18
LN000779,B00308,L003,2025-02-16,18300000.00,6
LN000780,B00887,L001,2026-03-01,22500000.00,12
LN000781,B00751,L003,2026-03-07,13900000.00,12
LN000782,B00068,L002,2025-05-29,30000000.00,6
LN000783,B01271,L001,2025-08-28,5500000.00,12
LN000784,B01061,L004,2026-04-27,19100000.00,18
LN000785,B00760,L003,2026-07-08,7700000.00,6
LN000786,B00956,L001,2025-01-01,28800000.00,9
LN000787,B00254,L004,2026-04-28,29500000.00,12
LN000788,B01029,L001,2024-04-09,14900000.00,6
LN000789,B00635,L003,2026-03-07,4200000.00,18
LN000790,B00486,L002,2026-08-27,29600000.00,6
LN000791,B00493,L001,2025-12-11,17600000.00,12
LN000792,B01077,L002,2024-11-09,23300000.00,12
LN000793,B00832,L001,2025-10-01,6500000.00,6
LN000794,B01112,L004,2025-03-26,1700000.00,18
LN000795,B00698,L001,2024-07-07,9800000.00,3
LN000796,B00912,L001,2024-08-06,26400000.00,18
LN000797,B01045,L001,2025-02-22,16300000.00,18
LN000798,B00686,L002,2025-04-18,20900000.00,12
LN000799,B00803,L003,2026-03-07,3900000.00,12
LN000800,B00844,L001,2024-08-30,9200000.00,18
LN000801,B00212,L001,2024-08-22,29800000.00,3
LN000802,B00952,L001,2024-03-16,25100000.00,9
LN000803,B01327,L001,2025-02-16,20000000.00,12
LN000804,B00007,L001,2025-09-25,24300000.00,6
LN000805,B01398,L002,2025-10-31,14500000.00,6
LN000806,B00480,L001,2024-05-19,12400000.00,12
LN000807,B00172,L004,2026-02-03,28800000.00,3
LN000808,B00564,L003,2024-02-14,8500000.00,6
LN000809,B01195,L003,2026-05-05,6600000.00,18
LN000810,B00597,L001,2024-08-10,4900000.00,6
LN000811,B00144,L003,2026-04-07,6600000.00,12
LN000812,B00310,L001,2024-01-01,4500000.00,6
LN000813,B00039,L001,2024-04-17,20400000.00,6
LN000814,B00613,L003,2026-03-28,14000000.00,12
LN000815,B00667,L003,2025-03-07,13500000.00,9
LN000816,B01067,L001,2024-01-30,4900000.00,3
LN000817,B00669,L001,2025-03-09,10300000.00,12
LN000818,B01455,L003,2026-05-10,20900000.00,6
LN000819,B01130,L001,2024-11-11,11900000.00,12
LN000820,B00762,L002,2025-05-14,21400000.00,18
LN000821,B01069,L002,2025-06-23,5200000.00,6
LN000822,B00933,L002,2024-08-04,18000000.00,12
LN000823,B00001,L003,2025-08-01,27800000.00,18
LN000824,B01029,L002,2026-05-31,10100000.00,18
LN000825,B00777,L001,2026-05-25,21900000.00,6
LN000826,B00619,L001,2025-08-13,6700000.00,6
LN000827,B00432,L001,2025-03-18,2900000.00,6
LN000828,B00818,L004,2025-08-09,14600000.00,9
LN000829,B00987,L003,2026-02-07,11600000.00,3
LN000830,B00101,L002,2025-06-21,18000000.00,12
LN000831,B00132,L003,2025-08-05,29300000.00,9
LN000832,B01290,L002,2025-03-31,26100000.00,9
LN000833,B00697,L001,2026-06-09,6300000.00,12
LN000834,B01078,L002,2025-08-27,7000000.00,12
LN000835,B00048,L002,2026-08-23,4200000.00,6
LN000836,B00313,L001,2024-09-10,9900000.00,12
LN000837,B01393,L001,2024-12-01,5200000.00,12
LN000838,B00440,L001,2025-07-01,21100000.00,6
LN000839,B00190,L004,2025-04-23,29200000.00,18
LN000840,B00247,L001,2026-06-09,24400000.00,12
LN000841,B00572,L002,2025-05-30,14200000.00,18
LN000842,B01336,L001,2025-03-03,8800000.00,12
LN000843,B01198,L003,2025-08-27,9800000.00,6
LN000844,B01340,L001,2025-04-24,25400000.00,6
LN000845,B01118,L001,2024-06-21,8100000.00,12
LN000846,B00675,L002,2025-06-28,24700000.00,9
LN000847,B01455,L004,2024-04-20,24500000.00,12
LN000848,B01438,L002,2026-04-10,4300000.00,12
LN000849,B01065,L001,2026-03-30,18100000.00,18
LN000850,B00455,L002,2025-12-12,9100000.00,18
LN000851,B00474,L003,2024-10-04,22000000.00,18
LN000852,B00085,L003,2026-08-14,25100000.00,12
LN000853,B00091,L001,2025-12-04,22700000.00,6
LN000854,B00400,L002,2025-05-11,22600000.00,12
LN000855,B00035,L003,2024-06-25,14400000.00,12
LN000856,B00671,L003,2025-02-20,19600000.00,12
LN000857,B01499,L002,2025-06-14,23800000.00,3
LN000858,B00637,L001,2025-06-10,16400000.00,6
LN000859,B00748,L001,2024-05-30,2400000.00,9
LN000860,B00560,L002,2025-09-21,8800000.00,6
LN000861,B00951,L001,2025-03-25,4700000.00,12
LN000862,B00887,L004,2024-12-27,18700000.00,9
LN000863,B01117,L004,2026-06-04,5400000.00,6
LN000864,B00111,L004,2026-04-05,3300000.00,3
LN000865,B01290,L003,2024-04-18,9400000.00,12
LN000866,B01474,L001,2024-12-17,7300000.00,6
LN000867,B00947,L001,2025-07-25,21600000.00,12
LN000868,B01388,L002,2025-08-05,29800000.00,9
LN000869,B00432,L001,2024-06-26,25100000.00,6
LN000870,B01341,L002,2025-03-03,22400000.00,9
LN000871,B01229,L001,2025-12-28,10700000.00,12
LN000872,B01373,L001,2024-06-20,26000000.00,9
LN000873,B01338,L002,2025-10-29,5900000.00,12
LN000874,B00252,L001,2025-09-15,4200000.00,12
LN000875,B01041,L003,2026-05-14,1800000.00,9
LN000876,B00862,L003,2025-08-18,15600000.00,3
LN000877,B01194,L002,2026-07-23,28500000.00,12
LN000878,B01024,L003,2026-03-27,6300000.00,6
LN000879,B00885,L001,2026-03-27,25300000.00,12
LN000880,B00147,L003,2026-05-19,2100000.00,12
LN000881,B00147,L004,2025-09-22,8400000.00,12
LN000882,B00112,L002,2025-05-14,10800000.00,3
LN000883,B00621,L001,2024-10-07,23600000.00,12
LN000884,B00776,L003,2024-09-02,26600000.00,6
LN000885,B00902,L001,2025-06-21,16000000.00,9
LN000886,B00941,L001,2025-10-24,16400000.00,6
LN000887,B01144,L002,2025-06-25,6200000.00,12
LN000888,B01250,L003,2025-05-27,29800000.00,6
LN000889,B00930,L004,2025-02-19,22000000.00,9
LN000890,B00822,L004,2025-12-29,28800000.00,3
LN000891,B00382,L001,2026-07-25,19900000.00,12
LN000892,B00023,L001,2025-12-11,11000000.00,12
LN000893,B00666,L002,2024-08-03,3800000.00,9
LN000894,B01098,L001,2024-08-16,17500000.00,3
LN000895,B01202,L001,2026-02-07,28700000.00,12
LN000896,B00349,L002,2024-11-03,7500000.00,9
LN000897,B01261,L002,2026-03-25,17000000.00,6
LN000898,B01368,L001,2024-08-04,19600000.00,3
LN000899,B00634,L004,2025-09-19,14000000.00,12
LN000900,B00441,L003,2024-07-12,10600000.00,12
LN000901,B01358,L003,2024-07-27,8700000.00,12
LN000902,B00152,L001,2024-03-23,4300000.00,12
LN000903,B01027,L002,2026-02-12,20200000.00,12
LN000904,B00519,L002,2026-07-09,1900000.00,6
LN000905,B00435,L002,2026-04-02,8100000.00,6
LN000906,B01415,L002,2026-02-14,12300000.00,9
LN000907,B01449,L001,2024-11-21,26300000.00,6
LN000908,B01198,L003,2026-06-24,27100000.00,9
LN000909,B01284,L003,2024-02-28,13300000.00,12
LN000910,B00427,L001,2026-07-16,3600000.00,12
LN000911,B00189,L003,2024-08-02,7900000.00,12
LN000912,B00208,L003,2024-07-21,13300000.00,12
LN000913,B00366,L003,2024-01-22,28200000.00,9
LN000914,B00048,L002,2026-01-07,17500000.00,12
LN000915,B00070,L003,2025-09-18,24600000.00,12
LN000916,B00791,L001,2026-04-12,2300000.00,6
LN000917,B00109,L004,2024-02-21,18500000.00,18
LN000918,B00457,L002,2025-09-23,17300000.00,3
LN000919,B01281,L001,2024-11-20,25300000.00,3
LN000920,B00056,L004,2024-07-10,8100000.00,12
LN000921,B00115,L003,2024-03-06,17300000.00,9
LN000922,B00537,L003,2026-04-30,19900000.00,12
LN000923,B01122,L004,2025-11-05,24400000.00,12
LN000924,B00146,L001,2024-06-27,4000000.00,12
LN000925,B00890,L002,2024-05-05,11900000.00,6
LN000926,B01224,L001,2026-07-20,3900000.00,12
LN000927,B01367,L002,2026-07-21,24700000.00,6
LN000928,B00083,L003,2026-08-30,6000000.00,6
LN000929,B00124,L002,2024-02-26,8400000.00,6
LN000930,B00417,L003,2025-03-02,9900000.00,12
LN000931,B00965,L002,2024-08-05,18300000.00,9
LN000932,B00220,L002,2025-08-04,17800000.00,12
LN000933,B01157,L001,2024-10-20,18900000.00,6
LN000934,B00912,L001,2024-03-03,9400000.00,12
LN000935,B00096,L002,2024-03-25,24400000.00,12
LN000936,B00714,L001,2024-10-27,29100000.00,9
LN000937,B01351,L001,2024-03-30,15400000.00,3
LN000938,B00936,L002,2024-05-13,13700000.00,3
LN000939,B01096,L001,2026-03-29,14700000.00,6
LN000940,B01058,L002,2024-06-26,24700000.00,6
LN000941,B01041,L001,2024-03-17,24700000.00,12
LN000942,B01189,L001,2026-07-03,29900000.00,6
LN000943,B00254,L003,2024-09-16,28100000.00,6
LN000944,B01208,L001,2026-04-14,16400000.00,3
LN000945,B00355,L001,2024-01-30,15600000.00,9
LN000946,B00487,L004,2026-02-03,11700000.00,12
LN000947,B00480,L001,2024-11-15,29100000.00,6
LN000948,B00506,L003,2024-10-28,25700000.00,6
LN000949,B00716,L003,2024-04-11,23700000.00,6
LN000950,B00546,L002,2024-12-11,18300000.00,12
LN000951,B00832,L003,2025-01-25,24500000.00,6
LN000952,B00439,L002,2024-09-02,19300000.00,18
LN000953,B00048,L002,2025-11-14,26400000.00,6
LN000954,B00090,L001,2025-10-14,3300000.00,12
LN000955,B00350,L002,2025-03-08,25800000.00,18
LN000956,B01142,L003,2025-06-30,29300000.00,6
LN000957,B00457,L004,2024-03-14,26600000.00,18
LN000958,B01494,L002,2024-11-01,21100000.00,6
LN000959,B01197,L001,2024-01-24,8700000.00,9
LN000960,B00671,L004,2024-10-28,19800000.00,12
LN000961,B00164,L002,2024-08-05,17700000.00,12
LN000962,B00100,L001,2025-02-13,29200000.00,6
LN000963,B00204,L002,2026-03-08,3300000.00,6
LN000964,B01132,L003,2024-03-16,15000000.00,9
LN000965,B00436,L001,2025-08-31,24900000.00,6
LN000966,B00331,L004,2026-08-24,29900000.00,3
LN000967,B01481,L003,2026-06-10,11600000.00,12
LN000968,B00689,L004,2024-01-08,7600000.00,6
LN000969,B00155,L001,2025-06-14,22100000.00,12
LN000970,B00777,L001,2026-03-03,14500000.00,3
LN000971,B00088,L004,2026-07-09,6400000.00,3
LN000972,B01252,L003,2025-10-10,21700000.00,12
LN000973,B00006,L001,2024-06-27,15600000.00,6
LN000974,B00221,L002,2026-01-02,8400000.00,18
LN000975,B01191,L001,2024-06-11,27800000.00,3
LN000976,B00571,L004,2024-10-01,24300000.00,6
LN000977,B01172,L004,2025-07-25,7300000.00,12
LN000978,B00344,L002,2026-03-07,22100000.00,6
LN000979,B00521,L002,2025-02-24,5600000.00,6
LN000980,B01252,L002,2026-02-17,20300000.00,3
LN000981,B00485,L002,2025-03-18,12900000.00,12
LN000982,B00349,L001,2025-03-20,17800000.00,18
LN000983,B01220,L001,2026-04-14,28400000.00,12
LN000984,B00719,L001,2025-09-30,15200000.00,12
LN000985,B00448,L003,2025-06-10,10900000.00,9
LN000986,B00595,L002,2025-08-05,7800000.00,3
LN000987,B00160,L002,2025-07-04,27300000.00,3
LN000988,B00255,L002,2024-08-14,20700000.00,12
LN000989,B00489,L003,2025-04-26,10800000.00,6
LN000990,B00549,L002,2026-01-20,3000000.00,12
LN000991,B00017,L004,2025-09-18,9300000.00,9
LN000992,B00683,L002,2025-09-28,5500000.00,3
LN000993,B00939,L003,2025-12-24,26500000.00,6
LN000994,B00142,L001,2025-06-21,16000000.00,18
LN000995,B00554,L001,2026-02-19,6400000.00,6
LN000996,B00728,L001,2024-01-14,13800000.00,6
LN000997,B01082,L001,2025-02-23,18800000.00,9
LN000998,B00213,L004,2025-12-06,18600000.00,6
LN000999,B00800,L004,2026-04-15,18000000.00,18
LN001000,B01174,L004,2026-06-04,16700000.00,6
LN001001,B01328,L001,2025-08-26,1800000.00,6
LN001002,B01136,L004,2026-04-06,2700000.00,12
LN001003,B00558,L004,2024-02-08,6700000.00,12
LN001004,B00219,L003,2026-08-20,20600000.00,6
LN001005,B00987,L004,2025-11-18,3400000.00,9
LN001006,B01434,L003,2025-06-02,26000000.00,18
LN001007,B00711,L002,2025-06-16,8800000.00,18
LN001008,B00417,L001,2026-08-19,3900000.00,6
LN001009,B01207,L001,2024-06-13,29900000.00,6
LN001010,B00512,L002,2025-11-03,8000000.00,12
LN001011,B01101,L004,2026-02-08,8100000.00,3
LN001012,B01088,L001,2025-01-05,15700000.00,18
LN001013,B00143,L001,2026-03-10,15800000.00,6
LN001014,B01358,L002,2024-05-14,14500000.00,12
LN001015,B00178,L002,2025-01-15,14300000.00,3
LN001016,B00691,L003,2026-01-24,7400000.00,9
LN001017,B01049,L001,2025-10-24,26900000.00,6
LN001018,B01083,L004,2026-03-08,1700000.00,12
LN001019,B01217,L001,2025-01-03,19500000.00,12
LN001020,B00210,L003,2024-06-11,23300000.00,18
LN001021,B01237,L002,2026-08-28,9900000.00,12
LN001022,B01191,L002,2025-01-27,18000000.00,6
LN001023,B00979,L004,2025-09-22,28300000.00,3
LN001024,B00271,L002,2024-08-18,26900000.00,12
LN001025,B00592,L001,2026-03-23,13800000.00,12
LN001026,B00609,L001,2025-07-17,17800000.00,6
LN001027,B01114,L001,2024-03-29,4800000.00,12
LN001028,B01377,L002,2026-08-22,22900000.00,18
LN001029,B00611,L002,2025-08-14,10400000.00,12
LN001030,B00820,L003,2026-07-07,2300000.00,12
LN001031,B00857,L002,2026-06-28,29100000.00,6
LN001032,B00439,L001,2025-01-01,14000000.00,12
LN001033,B01473,L003,2024-08-11,25500000.00,12
LN001034,B00853,L002,2024-06-23,25400000.00,12
LN001035,B00698,L001,2024-09-23,15700000.00,6
LN001036,B00700,L001,2025-05-03,6800000.00,12
LN001037,B00922,L004,2025-10-02,2500000.00,12
LN001038,B01153,L003,2025-08-17,2100000.00,6
LN001039,B00129,L002,2025-02-16,12500000.00,6
LN001040,B01141,L001,2025-01-21,19300000.00,9
LN001041,B01285,L001,2024-07-06,11200000.00,12
LN001042,B00543,L002,2024-04-08,27300000.00,18
LN001043,B00009,L001,2026-03-31,1500000.00,12
LN001044,B00198,L003,2024-02-17,7900000.00,6
LN001045,B01107,L002,2024-05-02,2000000.00,12
LN001046,B01434,L003,2024-04-04,2700000.00,12
LN001047,B00266,L004,2025-03-08,11800000.00,3
LN001048,B01464,L004,2024-11-25,7200000.00,9
LN001049,B00814,L001,2024-11-11,23200000.00,9
LN001050,B00614,L001,2026-02-04,18600000.00,12
LN001051,B00259,L003,2025-06-17,19200000.00,18
LN001052,B00546,L003,2026-01-02,29600000.00,3
LN001053,B00151,L003,2024-07-21,3300000.00,18
LN001054,B00510,L001,2026-03-23,26800000.00,12
LN001055,B01047,L003,2024-02-17,28300000.00,9
LN001056,B01203,L004,2026-02-06,21200000.00,12
LN001057,B00971,L004,2024-09-13,14500000.00,6
LN001058,B01149,L004,2025-09-24,6400000.00,12
LN001059,B01425,L001,2025-08-09,28800000.00,6
LN001060,B01361,L001,2024-05-14,24100000.00,6
LN001061,B01385,L001,2025-08-20,7600000.00,12
LN001062,B00443,L001,2024-12-22,2300000.00,6
LN001063,B00946,L002,2024-08-20,24000000.00,9
LN001064,B00093,L002,2025-02-01,28800000.00,12
LN001065,B00761,L002,2025-01-25,4200000.00,9
LN001066,B00073,L003,2025-11-23,8500000.00,9
LN001067,B00044,L001,2026-02-08,19600000.00,6
LN001068,B01347,L002,2025-09-06,1900000.00,3
LN001069,B01107,L004,2024-12-04,25300000.00,18
LN001070,B01246,L002,2024-11-21,11300000.00,12
LN001071,B01055,L003,2026-01-13,16400000.00,12
LN001072,B00076,L003,2025-07-07,25400000.00,6
LN001073,B00327,L002,2024-08-17,19200000.00,12
LN001074,B00515,L001,2024-04-11,10600000.00,6
LN001075,B00254,L003,2024-05-03,16000000.00,18
LN001076,B00344,L003,2025-01-16,28000000.00,12
LN001077,B00556,L002,2026-05-24,21200000.00,6
LN001078,B00320,L001,2024-04-22,6900000.00,6
LN001079,B00094,L001,2025-02-12,21800000.00,9
LN001080,B00175,L004,2024-04-15,8600000.00,12
LN001081,B00792,L003,2024-10-12,22000000.00,6
LN001082,B00861,L001,2025-04-10,11400000.00,18
LN001083,B00243,L001,2026-07-16,29500000.00,12
LN001084,B00462,L003,2026-01-05,13400000.00,6
LN001085,B00063,L001,2025-12-17,1900000.00,6
LN001086,B00062,L002,2026-06-26,3900000.00,6
LN001087,B00864,L001,2024-03-13,7700000.00,3
LN001088,B00643,L002,2025-12-23,16200000.00,9
LN001089,B00954,L004,2024-08-23,29600000.00,12
LN001090,B01401,L004,2024-02-22,15900000.00,6
LN001091,B01404,L002,2026-03-22,23300000.00,12
LN001092,B00068,L004,2024-10-09,10200000.00,12
LN001093,B01397,L003,2025-02-20,1700000.00,6
LN001094,B01291,L001,2024-03-13,4200000.00,12
LN001095,B00075,L002,2025-12-05,5200000.00,12
LN001096,B01307,L004,2024-08-23,7300000.00,12
LN001097,B00405,L002,2026-08-10,17000000.00,6
LN001098,B00709,L004,2024-10-28,10400000.00,18
LN001099,B00604,L004,2024-11-28,9100000.00,9
LN001100,B01198,L002,2025-01-19,6000000.00,6
LN001101,B00401,L001,2025-09-08,25000000.00,6
LN001102,B00935,L001,2024-12-11,3000000.00,6
LN001103,B01342,L001,2025-05-24,15200000.00,9
LN001104,B00047,L003,2025-12-22,5800000.00,12
LN001105,B00136,L002,2026-05-23,5300000.00,12
LN001106,B01211,L002,2025-10-11,2600000.00,6
LN001107,B01492,L001,2024-09-21,20400000.00,3
LN001108,B00343,L001,2025-06-06,18300000.00,3
LN001109,B00283,L001,2026-04-27,6800000.00,6
LN001110,B00503,L001,2026-03-22,23100000.00,6
LN001111,B01211,L001,2025-03-30,1900000.00,12
LN001112,B00319,L004,2024-05-01,11500000.00,6
LN001113,B00131,L001,2026-04-10,11900000.00,12
LN001114,B00104,L001,2024-05-06,13100000.00,12
LN001115,B01111,L001,2025-07-19,16600000.00,6
LN001116,B00084,L001,2025-12-19,16700000.00,9
LN001117,B00922,L001,2025-09-18,1800000.00,6
LN001118,B00597,L001,2024-04-15,16800000.00,9
LN001119,B01084,L002,2025-02-12,18000000.00,12
LN001120,B00467,L001,2026-06-21,12000000.00,18
LN001121,B00575,L001,2025-11-11,17400000.00,6
LN001122,B01379,L002,2024-12-06,18300000.00,6
LN001123,B01215,L001,2024-10-04,22600000.00,9
LN001124,B01463,L001,2024-01-02,3200000.00,12
LN001125,B01161,L002,2026-01-28,24300000.00,12
LN001126,B00409,L001,2024-04-13,27800000.00,12
LN001127,B00322,L004,2024-10-16,18900000.00,12
LN001128,B01122,L001,2024-07-08,30000000.00,6
LN001129,B01275,L002,2024-05-17,2300000.00,9
LN001130,B01328,L002,2024-02-02,21900000.00,12
LN001131,B00286,L002,2025-01-08,11600000.00,12
LN001132,B00099,L001,2024-05-30,25800000.00,6
LN001133,B00275,L003,2025-05-23,23000000.00,6
LN001134,B00395,L002,2024-10-02,14400000.00,3
LN001135,B01330,L002,2024-11-22,18700000.00,12
LN001136,B00454,L003,2024-12-14,20000000.00,12
LN001137,B01298,L002,2024-11-20,2400000.00,6
LN001138,B00828,L004,2026-07-16,16900000.00,12
LN001139,B00700,L003,2025-07-08,12200000.00,9
LN001140,B00600,L002,2025-08-16,10500000.00,12
LN001141,B00551,L002,2025-10-10,9500000.00,6
LN001142,B01239,L003,2026-05-12,16900000.00,12
LN001143,B00345,L004,2025-01-22,28000000.00,6
LN001144,B00203,L002,2025-03-21,7400000.00,6
LN001145,B01491,L001,2024-09-19,7200000.00,12
LN001146,B00922,L002,2025-06-14,4900000.00,6
LN001147,B01429,L001,2024-01-18,20700000.00,12
LN001148,B00203,L002,2024-12-31,2300000.00,12
LN001149,B01238,L003,2024-05-22,18700000.00,12
LN001150,B01098,L003,2024-08-19,14700000.00,6
LN001151,B01414,L001,2024-12-26,6200000.00,12
LN001152,B01199,L001,2025-08-29,13700000.00,6
LN001153,B00651,L002,2024-08-26,7000000.00,12
LN001154,B00986,L002,2026-05-05,9400000.00,6
LN001155,B00823,L001,2025-10-29,19600000.00,6
LN001156,B01495,L001,2026-04-24,5400000.00,12
LN001157,B01015,L002,2025-05-06,2400000.00,9
LN001158,B01067,L001,2024-10-27,24200000.00,6
LN001159,B01023,L002,2026-06-18,20900000.00,12
LN001160,B01357,L003,2024-10-06,24900000.00,6
LN001161,B00210,L001,2025-10-28,24400000.00,6
LN001162,B00731,L001,2025-05-04,27300000.00,9
LN001163,B00479,L001,2025-04-17,11200000.00,6
LN001164,B00775,L001,2025-04-17,10200000.00,9
LN001165,B00047,L001,2024-04-23,26200000.00,9
LN001166,B00189,L002,2026-04-03,1700000.00,12
LN001167,B00136,L003,2024-06-06,17900000.00,6
LN001168,B00767,L001,2025-01-29,20200000.00,6
LN001169,B01384,L002,2025-01-14,22500000.00,6
LN001170,B00671,L004,2024-11-02,12800000.00,3
LN001171,B01130,L001,2024-05-24,28900000.00,6
LN001172,B01094,L003,2026-07-27,10600000.00,9
LN001173,B00343,L004,2024-01-01,24600000.00,6
LN001174,B00236,L001,2025-03-04,25300000.00,12
LN001175,B00475,L001,2024-03-18,11900000.00,6
LN001176,B01024,L002,2026-02-17,14900000.00,9
LN001177,B00643,L001,2025-02-06,4000000.00,12
LN001178,B01165,L004,2026-08-08,9100000.00,12
LN001179,B01281,L001,2025-05-28,4700000.00,6
LN001180,B01240,L002,2026-01-13,10200000.00,9
LN001181,B01107,L002,2025-01-16,7200000.00,12
LN001182,B00831,L002,2026-01-14,12700000.00,6
LN001183,B01403,L003,2025-06-02,13300000.00,12
LN001184,B01150,L003,2024-12-30,7300000.00,12
LN001185,B00409,L003,2024-01-30,8000000.00,3
LN001186,B00949,L004,2024-04-07,19400000.00,18
LN001187,B01454,L003,2024-05-21,28800000.00,12
LN001188,B00523,L002,2024-11-07,10300000.00,12
LN001189,B00235,L004,2025-12-08,9300000.00,12
LN001190,B00147,L002,2026-02-10,8400000.00,9
LN001191,B00575,L002,2025-03-26,23400000.00,9
LN001192,B01379,L001,2026-02-17,3200000.00,6
LN001193,B00761,L004,2026-05-04,14100000.00,6
LN001194,B00146,L002,2025-01-02,28600000.00,9
LN001195,B00319,L003,2024-04-23,3900000.00,6
LN001196,B00094,L003,2026-06-29,7600000.00,6
LN001197,B00815,L001,2025-10-20,20400000.00,6
LN001198,B00357,L002,2024-08-22,21700000.00,3
LN001199,B00626,L001,2024-09-17,28800000.00,12
LN001200,B00163,L001,2025-03-22,23000000.00,6
LN001201,B00743,L001,2025-02-25,3900000.00,12
LN001202,B00453,L003,2024-07-03,15000000.00,12
LN001203,B00909,L002,2026-02-14,26100000.00,6
LN001204,B00033,L003,2025-05-08,21000000.00,6
LN001205,B01111,L001,2026-02-18,4200000.00,18
LN001206,B00838,L002,2025-03-19,12700000.00,3
LN001207,B00172,L001,2025-04-22,1600000.00,6
LN001208,B00886,L004,2026-07-28,11900000.00,3
LN001209,B00775,L003,2026-06-16,14800000.00,3
LN001210,B00461,L002,2026-05-22,10100000.00,3
LN001211,B00994,L001,2026-07-01,19000000.00,9
LN001212,B00985,L002,2025-09-29,27100000.00,12
LN001213,B00384,L002,2024-08-22,24700000.00,6
LN001214,B01246,L003,2025-05-04,5000000.00,12
LN001215,B00453,L001,2025-11-21,7300000.00,3
LN001216,B00228,L003,2024-09-16,24800000.00,12
LN001217,B00529,L002,2026-03-31,7700000.00,9
LN001218,B01352,L002,2025-10-24,6200000.00,12
LN001219,B01489,L002,2025-06-11,17700000.00,12
LN001220,B00501,L002,2025-08-08,27700000.00,12
LN001221,B00875,L003,2024-05-05,15300000.00,18
LN001222,B01496,L001,2026-02-27,5000000.00,6
LN001223,B00111,L001,2024-02-22,2700000.00,6
LN001224,B01136,L002,2025-04-16,11200000.00,18
LN001225,B01041,L001,2025-04-17,6100000.00,12
LN001226,B00863,L004,2025-03-03,8300000.00,6
LN001227,B00079,L001,2026-01-11,17400000.00,9
LN001228,B01289,L001,2026-04-25,27400000.00,9
LN001229,B00508,L003,2025-08-08,23200000.00,6
LN001230,B00768,L003,2024-10-25,23000000.00,12
LN001231,B00121,L002,2026-04-16,16100000.00,12
LN001232,B00672,L001,2026-02-11,18300000.00,6
LN001233,B00751,L001,2025-11-08,20800000.00,6
LN001234,B01416,L002,2024-05-17,14200000.00,12
LN001235,B00897,L002,2026-02-02,21100000.00,12
LN001236,B00085,L002,2026-05-15,11900000.00,6
LN001237,B00052,L003,2024-01-01,27600000.00,18
LN001238,B01064,L003,2024-03-25,25200000.00,12
LN001239,B01071,L003,2025-11-11,20100000.00,9
LN001240,B00897,L002,2026-04-11,28100000.00,6
LN001241,B00317,L001,2025-08-21,13200000.00,3
LN001242,B01146,L001,2025-12-03,28500000.00,12
LN001243,B01433,L003,2025-12-22,11200000.00,12
LN001244,B00778,L002,2024-05-24,19500000.00,6
LN001245,B01012,L002,2026-01-08,28600000.00,12
LN001246,B00163,L004,2024-04-13,25000000.00,12
LN001247,B00456,L002,2024-10-20,21000000.00,12
LN001248,B00475,L001,2026-07-29,11400000.00,6
LN001249,B00830,L001,2024-01-26,22200000.00,9
LN001250,B00137,L002,2024-02-21,23600000.00,18
LN001251,B01261,L004,2024-06-26,27900000.00,12
LN001252,B00601,L001,2025-08-13,25600000.00,12
LN001253,B00101,L003,2024-10-09,4400000.00,18
LN001254,B01115,L001,2025-10-04,24500000.00,9
LN001255,B00893,L001,2024-12-11,11600000.00,6
LN001256,B00908,L003,2024-05-13,7600000.00,12
LN001257,B00390,L004,2025-03-11,23700000.00,18
LN001258,B01301,L003,2024-08-26,18700000.00,18
LN001259,B00658,L002,2025-06-21,27000000.00,6
LN001260,B00257,L002,2025-11-14,9500000.00,6
LN001261,B00668,L001,2024-02-03,13700000.00,18
LN001262,B00774,L003,2025-09-14,7200000.00,18
LN001263,B01219,L001,2024-05-28,10800000.00,6
LN001264,B00829,L001,2026-03-28,19000000.00,9
LN001265,B01465,L004,2024-07-29,28200000.00,12
LN001266,B01049,L003,2025-07-07,20100000.00,12
LN001267,B00947,L003,2025-02-22,12800000.00,12
LN001268,B01118,L002,2025-05-10,25000000.00,12
LN001269,B01269,L001,2026-07-21,1700000.00,6
LN001270,B00213,L002,2025-08-22,28100000.00,9
LN001271,B01014,L004,2024-09-29,29700000.00,6
LN001272,B00425,L001,2025-01-03,20100000.00,6
LN001273,B01386,L004,2025-08-30,24200000.00,9
LN001274,B01133,L001,2026-08-06,11500000.00,6
LN001275,B00554,L001,2026-01-03,19400000.00,6
LN001276,B01468,L001,2025-01-01,19500000.00,12
LN001277,B00399,L002,2025-01-11,16400000.00,6
LN001278,B00182,L001,2025-01-11,25300000.00,12
LN001279,B00687,L003,2024-06-09,12400000.00,18
LN001280,B01166,L001,2024-05-02,6800000.00,12
LN001281,B00114,L004,2026-03-03,12600000.00,12
LN001282,B00952,L002,2024-10-08,6900000.00,6
LN001283,B00384,L001,2025-07-14,10600000.00,9
LN001284,B00132,L002,2024-08-17,23700000.00,6
LN001285,B00833,L001,2024-04-27,17000000.00,6
LN001286,B01296,L003,2025-05-09,27400000.00,12
LN001287,B00337,L002,2026-08-25,8400000.00,3
LN001288,B00242,L001,2025-04-03,17800000.00,6
LN001289,B00638,L001,2025-03-19,24700000.00,12
LN001290,B00571,L001,2024-08-28,11600000.00,6
LN001291,B01412,L003,2024-08-02,29600000.00,12
LN001292,B01166,L001,2025-09-12,4400000.00,12
LN001293,B00727,L003,2025-10-07,9200000.00,3
LN001294,B00537,L001,2026-05-09,10700000.00,9
LN001295,B01471,L003,2025-08-08,21400000.00,6
LN001296,B00944,L004,2026-02-14,6900000.00,12
LN001297,B01090,L002,2025-12-04,23900000.00,9
LN001298,B00902,L003,2025-04-14,10300000.00,6
LN001299,B00353,L001,2025-06-19,14200000.00,12
LN001300,B00459,L003,2026-04-26,9100000.00,9
LN001301,B00910,L003,2024-07-05,7600000.00,12
LN001302,B01125,L001,2024-11-04,6000000.00,6
LN001303,B00258,L003,2024-04-16,6500000.00,18
LN001304,B00507,L004,2026-02-25,19500000.00,12
LN001305,B00917,L001,2024-12-24,19600000.00,18
LN001306,B00918,L002,2026-02-28,2300000.00,18
LN001307,B00099,L002,2024-07-02,17200000.00,6
LN001308,B00109,L001,2025-01-29,26900000.00,12
LN001309,B01060,L002,2025-04-16,24400000.00,6
LN001310,B00264,L003,2024-03-08,5200000.00,9
LN001311,B01312,L003,2024-12-06,22900000.00,9
LN001312,B00717,L001,2026-08-06,28800000.00,6
LN001313,B00949,L001,2024-06-23,4800000.00,6
LN001314,B01471,L001,2025-07-31,21200000.00,6
LN001315,B00432,L001,2024-09-20,12100000.00,6
LN001316,B01351,L002,2025-01-05,18100000.00,6
LN001317,B01028,L001,2024-12-01,25200000.00,3
LN001318,B01065,L002,2024-04-25,20200000.00,9
LN001319,B00840,L001,2025-09-19,9100000.00,12
LN001320,B01258,L004,2025-05-11,25300000.00,18
LN001321,B00164,L003,2025-04-06,25500000.00,6
LN001322,B00797,L003,2025-01-25,11000000.00,12
LN001323,B01222,L002,2026-03-05,5500000.00,12
LN001324,B01427,L001,2025-07-24,7900000.00,3
LN001325,B00134,L001,2026-06-14,19100000.00,12
LN001326,B01286,L001,2024-10-15,18200000.00,6
LN001327,B00311,L001,2025-04-20,7300000.00,12
LN001328,B01346,L002,2024-10-25,9900000.00,18
LN001329,B01057,L003,2024-03-28,11400000.00,6
LN001330,B01445,L004,2025-12-30,1700000.00,9
LN001331,B00736,L001,2026-03-08,28900000.00,6
LN001332,B01235,L003,2025-12-25,3700000.00,18
LN001333,B00087,L001,2026-03-03,15800000.00,18
LN001334,B01043,L001,2025-11-27,4100000.00,6
LN001335,B00976,L003,2024-12-27,29100000.00,18
LN001336,B00583,L001,2025-12-03,21700000.00,6
LN001337,B00511,L003,2025-09-21,24200000.00,9
LN001338,B00661,L001,2026-03-27,22500000.00,18
LN001339,B01088,L002,2024-05-19,29400000.00,12
LN001340,B00650,L002,2025-10-10,2900000.00,12
LN001341,B01231,L001,2025-07-11,9800000.00,12
LN001342,B00480,L004,2024-06-08,2500000.00,12
LN001343,B00061,L003,2025-07-08,1500000.00,18
LN001344,B00815,L002,2026-05-15,11600000.00,6
LN001345,B00896,L002,2024-02-17,19500000.00,18
LN001346,B00881,L001,2026-06-02,14700000.00,9
LN001347,B00546,L001,2025-09-11,26000000.00,3
LN001348,B01180,L002,2024-06-27,1900000.00,18
LN001349,B00823,L003,2024-10-17,17600000.00,18
LN001350,B00156,L001,2025-06-10,20200000.00,3
LN001351,B00570,L004,2024-05-04,15400000.00,12
LN001352,B00379,L001,2024-08-26,4300000.00,3
LN001353,B00804,L001,2025-10-11,21800000.00,18
LN001354,B01282,L003,2026-07-21,26300000.00,9
LN001355,B00124,L002,2024-12-23,2800000.00,12
LN001356,B01248,L001,2025-12-15,27700000.00,12
LN001357,B00589,L001,2024-06-17,23900000.00,9
LN001358,B00472,L001,2025-01-26,20000000.00,12
LN001359,B00651,L002,2024-03-19,17000000.00,6
LN001360,B00144,L001,2024-06-10,18000000.00,18
LN001361,B00719,L002,2026-02-10,22600000.00,18
LN001362,B01009,L001,2024-07-25,28700000.00,9
LN001363,B00371,L002,2026-04-11,8600000.00,12
LN001364,B01131,L001,2025-11-12,28300000.00,6
LN001365,B01422,L001,2025-04-08,27100000.00,9
LN001366,B00062,L001,2025-11-26,7500000.00,12
LN001367,B01204,L004,2025-11-06,22200000.00,6
LN001368,B01043,L003,2025-08-18,25500000.00,12
LN001369,B01461,L002,2024-01-25,16100000.00,12
LN001370,B00748,L003,2024-11-15,24200000.00,6
LN001371,B00390,L002,2025-12-04,3400000.00,18
LN001372,B00326,L001,2025-03-07,12800000.00,6
LN001373,B00158,L001,2025-09-18,23500000.00,12
LN001374,B00195,L003,2024-07-31,16000000.00,18
LN001375,B01094,L002,2025-12-11,17100000.00,9
LN001376,B01356,L001,2024-06-08,29100000.00,12
LN001377,B00466,L003,2026-05-30,26000000.00,6
LN001378,B00799,L002,2026-05-22,18400000.00,12
LN001379,B01076,L002,2026-06-27,22700000.00,12
LN001380,B00122,L003,2026-05-25,6500000.00,6
LN001381,B00566,L001,2025-02-14,16800000.00,18
LN001382,B00268,L001,2024-10-17,3500000.00,9
LN001383,B00997,L001,2024-10-15,9200000.00,12
LN001384,B00673,L002,2026-08-15,9400000.00,12
LN001385,B00181,L002,2024-05-30,18400000.00,6
LN001386,B00372,L001,2024-07-23,11800000.00,9
LN001387,B01163,L001,2026-08-04,18700000.00,12
LN001388,B01386,L002,2025-07-19,2100000.00,18
LN001389,B00182,L003,2024-07-25,7700000.00,9
LN001390,B00284,L001,2026-03-14,2100000.00,9
LN001391,B00690,L001,2025-10-27,17700000.00,3
LN001392,B01415,L001,2026-08-16,14500000.00,9
LN001393,B00388,L001,2026-06-01,15600000.00,18
LN001394,B00652,L002,2024-03-19,11800000.00,9
LN001395,B01122,L004,2025-05-04,20400000.00,6
LN001396,B00829,L003,2024-06-14,7700000.00,6
LN001397,B01426,L004,2024-12-21,13600000.00,9
LN001398,B00373,L003,2026-06-18,24100000.00,12
LN001399,B00495,L002,2024-01-26,16900000.00,12
LN001400,B01326,L003,2025-11-07,28000000.00,12
LN001401,B00373,L001,2026-08-24,2400000.00,6
LN001402,B01108,L001,2024-08-05,7700000.00,6
LN001403,B01298,L001,2024-06-28,11400000.00,3
LN001404,B00469,L002,2024-07-01,7800000.00,3
LN001405,B00816,L001,2026-06-24,9100000.00,3
LN001406,B00628,L004,2024-09-17,23400000.00,6
LN001407,B00690,L001,2025-12-27,26400000.00,6
LN001408,B00428,L001,2025-09-22,15600000.00,9
LN001409,B01493,L001,2025-03-27,7800000.00,12
LN001410,B00296,L001,2025-07-27,23700000.00,18
LN001411,B01316,L001,2024-02-05,23600000.00,9
LN001412,B00430,L001,2024-11-16,27600000.00,6
LN001413,B00046,L001,2025-02-13,23300000.00,12
LN001414,B00439,L004,2024-06-03,2600000.00,12
LN001415,B00380,L002,2024-03-23,4500000.00,9
LN001416,B00648,L001,2026-08-15,3600000.00,18
LN001417,B00390,L001,2024-09-05,21400000.00,6
LN001418,B01315,L001,2025-09-19,4800000.00,9
LN001419,B00946,L003,2025-05-10,10900000.00,12
LN001420,B00311,L001,2026-07-01,12300000.00,6
LN001421,B01160,L004,2024-05-25,15700000.00,3
LN001422,B00042,L004,2026-05-28,19700000.00,6
LN001423,B00101,L001,2025-11-11,21100000.00,12
LN001424,B00771,L004,2025-12-22,16200000.00,6
LN001425,B00889,L003,2025-04-15,29900000.00,18
LN001426,B01354,L002,2025-08-13,8900000.00,18
LN001427,B00350,L001,2026-01-29,14400000.00,6
LN001428,B00164,L001,2026-07-06,13900000.00,12
LN001429,B00607,L002,2025-04-01,22700000.00,9
LN001430,B00395,L001,2024-11-17,8800000.00,18
LN001431,B01423,L001,2026-06-07,24700000.00,9
LN001432,B00649,L002,2025-09-27,25500000.00,6
LN001433,B00097,L002,2025-04-27,14600000.00,12
LN001434,B00966,L004,2025-01-23,23600000.00,6
LN001435,B00182,L001,2025-10-28,12600000.00,6
LN001436,B00117,L001,2025-11-13,27500000.00,6
LN001437,B00912,L001,2024-10-19,18600000.00,6
LN001438,B01489,L004,2024-02-07,23500000.00,18
LN001439,B00607,L003,2024-07-26,14100000.00,12
LN001440,B01090,L004,2026-01-01,19700000.00,6
LN001441,B00019,L003,2025-10-08,4900000.00,12
LN001442,B00069,L002,2025-10-11,4100000.00,9
LN001443,B01041,L004,2024-05-04,12300000.00,9
LN001444,B01468,L002,2025-01-07,24100000.00,12
LN001445,B00007,L004,2026-03-14,8500000.00,3
LN001446,B00650,L001,2026-04-14,25000000.00,9
LN001447,B00617,L001,2026-02-13,27000000.00,6
LN001448,B00660,L002,2025-09-17,11800000.00,12
LN001449,B01297,L001,2024-02-29,4100000.00,12
LN001450,B00010,L001,2026-05-23,3200000.00,6
LN001451,B01058,L001,2024-01-15,29700000.00,6
LN001452,B01271,L004,2024-03-16,12400000.00,18
LN001453,B00781,L002,2025-02-23,26900000.00,9
LN001454,B00071,L004,2025-05-18,7100000.00,12
LN001455,B00614,L002,2024-10-27,18200000.00,9
LN001456,B00560,L003,2024-03-29,25300000.00,18
LN001457,B00376,L001,2024-11-17,3800000.00,12
LN001458,B01342,L003,2025-09-28,26300000.00,12
LN001459,B01026,L004,2024-01-18,25400000.00,3
LN001460,B00218,L003,2025-02-16,24200000.00,18
LN001461,B01363,L002,2024-03-08,7200000.00,18
LN001462,B01336,L002,2025-04-02,17600000.00,6
LN001463,B00252,L002,2026-08-14,20400000.00,6
LN001464,B00132,L001,2024-01-12,7600000.00,12
LN001465,B00628,L001,2024-07-14,24800000.00,6
LN001466,B00712,L001,2025-07-12,24500000.00,9
LN001467,B00780,L002,2026-03-28,27100000.00,6
LN001468,B00624,L003,2026-03-25,29600000.00,12
LN001469,B00127,L004,2026-08-24,1600000.00,6
LN001470,B00554,L002,2025-05-20,27300000.00,6
LN001471,B01293,L002,2025-04-10,5700000.00,12
LN001472,B01317,L002,2025-04-05,9100000.00,18
LN001473,B00293,L004,2024-08-12,20000000.00,12
LN001474,B01443,L002,2025-09-26,12500000.00,12
LN001475,B00760,L004,2024-11-08,13200000.00,9
LN001476,B00795,L001,2024-07-19,23800000.00,12
LN001477,B01483,L004,2025-09-11,17400000.00,12
LN001478,B00674,L004,2025-12-29,6400000.00,6
LN001479,B00670,L001,2024-06-18,27300000.00,12
LN001480,B00100,L001,2026-04-03,27800000.00,12
LN001481,B00028,L004,2025-03-03,18300000.00,12
LN001482,B00025,L001,2024-04-07,14800000.00,12
LN001483,B01097,L002,2025-07-15,21800000.00,6
LN001484,B00556,L001,2024-06-13,29600000.00,12
LN001485,B00222,L001,2024-05-20,12000000.00,12
LN001486,B01283,L001,2024-04-19,7100000.00,18
LN001487,B00915,L002,2026-04-23,15300000.00,12
LN001488,B00586,L001,2025-03-16,4800000.00,9
LN001489,B00794,L001,2026-01-29,2400000.00,6
LN001490,B01496,L004,2025-11-22,20900000.00,9
LN001491,B00385,L001,2024-11-01,9600000.00,12
LN001492,B01036,L001,2025-06-25,28600000.00,6
LN001493,B00618,L001,2024-08-26,19500000.00,6
LN001494,B00932,L001,2025-12-03,17800000.00,12
LN001495,B00390,L003,2024-04-13,4100000.00,6
LN001496,B00713,L001,2026-01-12,29400000.00,3
LN001497,B01143,L001,2026-03-04,19600000.00,12
LN001498,B00626,L003,2026-06-26,13200000.00,12
LN001499,B00948,L004,2025-07-21,24300000.00,9
LN001500,B01144,L001,2026-03-19,28000000.00,6
LN001501,B00334,L002,2025-05-21,17900000.00,18
LN001502,B01124,L003,2024-12-30,28200000.00,9
LN001503,B00832,L001,2024-04-06,19800000.00,12
LN001504,B00762,L002,2024-08-30,15400000.00,12
LN001505,B00345,L004,2025-06-27,3500000.00,12
LN001506,B00914,L001,2025-05-27,21100000.00,18
LN001507,B00438,L003,2025-09-10,6800000.00,12
LN001508,B00967,L001,2024-02-25,24300000.00,9
LN001509,B00329,L004,2024-03-13,17200000.00,12
LN001510,B01304,L001,2025-06-21,28100000.00,12
LN001511,B01132,L004,2025-12-02,20400000.00,6
LN001512,B00172,L003,2025-08-03,15200000.00,6
LN001513,B01076,L001,2026-04-04,21700000.00,9
LN001514,B01270,L001,2025-10-11,6400000.00,6
LN001515,B01025,L004,2026-03-02,24200000.00,6
LN001516,B00631,L002,2026-07-12,10100000.00,6
LN001517,B00976,L001,2025-11-17,19400000.00,18
LN001518,B00115,L004,2026-02-24,13200000.00,6
LN001519,B01047,L001,2024-05-20,29200000.00,12
LN001520,B00792,L002,2025-09-17,11700000.00,18
LN001521,B00179,L003,2024-08-03,26600000.00,9
LN001522,B00482,L001,2026-08-28,11500000.00,3
LN001523,B00954,L002,2026-03-25,27500000.00,12
LN001524,B00369,L001,2025-06-15,18900000.00,12
LN001525,B00020,L001,2024-09-17,2400000.00,9
LN001526,B00016,L002,2024-08-22,15800000.00,12
LN001527,B00018,L002,2025-05-31,24100000.00,12
LN001528,B00028,L002,2026-06-03,5200000.00,6
LN001529,B00803,L004,2026-03-09,17600000.00,12
LN001530,B00657,L001,2024-06-13,29800000.00,9
LN001531,B01157,L003,2026-01-18,9900000.00,6
LN001532,B00394,L004,2024-07-05,10300000.00,12
LN001533,B00784,L002,2024-09-26,3800000.00,18
LN001534,B00432,L003,2024-11-06,18000000.00,12
LN001535,B00068,L003,2026-08-29,26100000.00,6
LN001536,B00419,L001,2024-04-25,2000000.00,9
LN001537,B00824,L002,2024-08-01,1500000.00,12
LN001538,B00607,L001,2026-02-15,30000000.00,12
LN001539,B00044,L001,2025-07-14,6800000.00,18
LN001540,B00309,L003,2024-08-14,13100000.00,18
LN001541,B00625,L002,2026-03-08,29400000.00,12
LN001542,B00664,L001,2024-05-21,27900000.00,3
LN001543,B00265,L003,2026-05-16,17100000.00,12
LN001544,B01092,L003,2025-02-23,5500000.00,18
LN001545,B01311,L004,2025-12-29,25200000.00,3
LN001546,B01149,L003,2025-02-22,18300000.00,12
LN001547,B00298,L002,2026-02-14,13400000.00,6
LN001548,B00276,L004,2025-07-26,25800000.00,12
LN001549,B00806,L001,2026-03-24,28100000.00,6
LN001550,B00681,L001,2025-07-22,20600000.00,6
LN001551,B00485,L001,2024-12-24,23800000.00,6
LN001552,B01443,L001,2024-07-02,4200000.00,9
LN001553,B00604,L001,2025-04-29,21500000.00,6
LN001554,B00653,L001,2025-07-09,15200000.00,9
LN001555,B01280,L001,2026-07-01,17000000.00,6
LN001556,B00051,L004,2024-01-21,10300000.00,3
LN001557,B00083,L002,2025-05-22,11700000.00,6
LN001558,B00156,L001,2024-04-13,15900000.00,6
LN001559,B00279,L002,2024-03-22,10000000.00,6
LN001560,B00468,L001,2026-08-08,21700000.00,6
LN001561,B00579,L003,2025-01-10,4100000.00,6
LN001562,B00907,L004,2024-06-13,10500000.00,6
LN001563,B01325,L003,2024-10-13,9600000.00,6
LN001564,B00635,L001,2026-08-24,29900000.00,12
LN001565,B01078,L004,2026-02-15,29300000.00,6
LN001566,B00855,L002,2024-06-12,15200000.00,6
LN001567,B00789,L002,2024-08-14,8300000.00,6
LN001568,B01181,L001,2025-02-03,17300000.00,12
LN001569,B00281,L001,2026-07-09,14600000.00,9
LN001570,B00386,L003,2024-07-27,21200000.00,6
LN001571,B00249,L002,2024-12-22,28300000.00,9
LN001572,B00586,L001,2026-03-03,1500000.00,12
LN001573,B00794,L001,2026-06-26,29200000.00,6
LN001574,B01199,L001,2024-09-22,23300000.00,3
LN001575,B01062,L001,2025-04-10,5700000.00,6
LN001576,B01466,L002,2024-10-24,14900000.00,3
LN001577,B01279,L002,2024-09-06,17000000.00,9
LN001578,B00208,L001,2026-05-06,16400000.00,12
LN001579,B00925,L002,2024-12-07,5900000.00,6
LN001580,B00679,L004,2024-07-15,6700000.00,9
LN001581,B01277,L002,2025-08-04,2500000.00,18
LN001582,B00309,L004,2024-03-26,23800000.00,12
LN001583,B00051,L003,2026-07-03,11200000.00,6
LN001584,B00929,L002,2026-08-12,25800000.00,12
LN001585,B01098,L004,2025-07-23,5100000.00,6
LN001586,B01458,L003,2025-09-05,18200000.00,12
LN001587,B00822,L002,2025-07-17,20700000.00,3
LN001588,B01384,L001,2025-01-28,5800000.00,12
LN001589,B00704,L002,2024-09-22,23300000.00,18
LN001590,B01329,L004,2024-04-08,20300000.00,18
LN001591,B00407,L003,2024-09-24,10200000.00,18
LN001592,B00161,L001,2026-05-25,25800000.00,3
LN001593,B00813,L004,2025-09-22,25100000.00,6
LN001594,B00870,L002,2024-11-24,14200000.00,6
LN001595,B00086,L004,2025-11-10,10300000.00,12
LN001596,B01091,L001,2024-02-16,8800000.00,18
LN001597,B00961,L003,2025-05-26,6400000.00,12
LN001598,B00841,L004,2024-12-20,3800000.00,9
LN001599,B00489,L001,2025-04-01,5500000.00,6
LN001600,B00761,L003,2024-06-02,6600000.00,6
LN001601,B00578,L003,2025-02-20,26000000.00,12
LN001602,B00147,L004,2024-11-04,26000000.00,9
LN001603,B00120,L001,2026-07-08,5000000.00,9
LN001604,B00653,L004,2026-02-26,25800000.00,12
LN001605,B01192,L004,2025-11-17,27200000.00,12
LN001606,B01495,L003,2025-10-01,13700000.00,18
LN001607,B01236,L002,2025-08-24,5300000.00,3
LN001608,B01036,L004,2025-02-14,1700000.00,6
LN001609,B00963,L003,2026-02-27,30000000.00,12
LN001610,B00924,L004,2024-02-24,28700000.00,6
LN001611,B01214,L001,2025-02-19,16300000.00,6
LN001612,B00396,L001,2024-07-04,29100000.00,12
LN001613,B00787,L002,2025-03-23,19100000.00,12
LN001614,B01310,L001,2025-06-16,27800000.00,6
LN001615,B00695,L003,2025-04-17,22600000.00,18
LN001616,B01273,L001,2024-01-10,27700000.00,3
LN001617,B00542,L002,2024-05-24,11000000.00,12
LN001618,B00353,L002,2025-01-30,14900000.00,9
LN001619,B00007,L001,2026-06-29,8800000.00,6
LN001620,B01007,L001,2025-06-07,13300000.00,12
LN001621,B01429,L001,2026-03-11,3200000.00,6
LN001622,B00573,L004,2026-07-27,21600000.00,3
LN001623,B00642,L003,2025-06-28,9200000.00,12
LN001624,B00894,L002,2024-08-06,11300000.00,9
LN001625,B00899,L001,2025-08-11,14200000.00,18
LN001626,B01228,L001,2024-11-11,10800000.00,6
LN001627,B00945,L001,2025-04-17,6500000.00,6
LN001628,B01309,L001,2025-04-09,17000000.00,6
LN001629,B00973,L004,2024-02-02,11400000.00,6
LN001630,B00859,L001,2024-02-14,19300000.00,18
LN001631,B00703,L001,2025-09-14,15100000.00,12
LN001632,B01106,L001,2025-11-11,19400000.00,9
LN001633,B00352,L002,2025-05-21,20700000.00,9
LN001634,B00847,L001,2026-07-06,25400000.00,12
LN001635,B01465,L001,2024-02-03,11700000.00,12
LN001636,B01341,L001,2026-03-14,3800000.00,6
LN001637,B01428,L001,2024-05-25,27600000.00,3
LN001638,B01095,L004,2026-06-16,11000000.00,12
LN001639,B01055,L001,2026-06-21,12500000.00,6
LN001640,B00113,L002,2025-07-31,4200000.00,6
LN001641,B01059,L002,2024-07-22,25400000.00,3
LN001642,B00999,L003,2025-01-14,8100000.00,18
LN001643,B01028,L004,2025-12-28,2300000.00,3
LN001644,B00921,L001,2024-06-04,8800000.00,12
LN001645,B00616,L003,2026-08-02,21300000.00,12
LN001646,B00900,L001,2025-04-18,22600000.00,12
LN001647,B00874,L001,2025-02-13,16100000.00,6
LN001648,B01086,L002,2025-03-19,5100000.00,6
LN001649,B00931,L001,2024-03-08,14600000.00,6
LN001650,B01153,L002,2025-07-23,6700000.00,6
LN001651,B01111,L001,2025-04-25,2900000.00,12
LN001652,B00200,L004,2025-08-21,18200000.00,9
LN001653,B01218,L003,2025-07-03,15500000.00,12
LN001654,B01453,L002,2026-01-26,28100000.00,6
LN001655,B00266,L002,2024-01-31,22200000.00,9
LN001656,B01354,L002,2025-12-20,27400000.00,9
LN001657,B00686,L001,2024-08-28,27800000.00,6
LN001658,B00418,L002,2024-08-09,19300000.00,18
LN001659,B00063,L002,2024-09-29,21500000.00,12
LN001660,B01154,L001,2024-03-15,7900000.00,9
LN001661,B00199,L002,2024-03-04,20000000.00,3
LN001662,B01024,L002,2026-07-17,12900000.00,6
LN001663,B00480,L001,2025-08-29,6400000.00,12
LN001664,B00418,L002,2024-03-01,4100000.00,6
LN001665,B00957,L002,2025-05-27,18000000.00,9
LN001666,B01050,L002,2024-03-10,18300000.00,6
LN001667,B00233,L002,2025-06-09,4700000.00,9
LN001668,B00931,L002,2024-08-22,7000000.00,18
LN001669,B00447,L001,2024-09-08,7200000.00,12
LN001670,B00329,L002,2024-07-01,10600000.00,9
LN001671,B00881,L002,2025-07-03,15800000.00,12
LN001672,B01478,L003,2025-05-27,1800000.00,12
LN001673,B00975,L003,2025-02-28,8400000.00,3
LN001674,B01262,L002,2024-04-08,1900000.00,9
LN001675,B01474,L002,2026-08-31,15400000.00,6
LN001676,B00609,L002,2026-04-10,3200000.00,12
LN001677,B00693,L003,2024-08-26,15900000.00,6
LN001678,B00261,L001,2024-09-05,26500000.00,12
LN001679,B01453,L004,2024-05-27,13000000.00,12
LN001680,B01320,L004,2026-03-22,18200000.00,18
LN001681,B01336,L002,2025-12-08,7600000.00,6
LN001682,B00834,L002,2024-11-08,13300000.00,6
LN001683,B00462,L001,2026-04-20,13600000.00,9
LN001684,B00509,L002,2025-07-09,27000000.00,6
LN001685,B00310,L001,2024-03-07,6300000.00,9
LN001686,B00852,L001,2024-02-02,20900000.00,12
LN001687,B00062,L002,2024-03-21,23400000.00,6
LN001688,B01263,L002,2025-10-21,21100000.00,9
LN001689,B00623,L002,2025-11-28,29600000.00,9
LN001690,B01341,L003,2026-08-10,28600000.00,9
LN001691,B00762,L004,2026-01-12,8100000.00,12
LN001692,B00707,L002,2024-11-18,16700000.00,6
LN001693,B00124,L002,2025-09-08,6000000.00,12
LN001694,B00508,L002,2025-06-07,14600000.00,12
LN001695,B01303,L002,2024-05-15,23100000.00,9
LN001696,B01298,L001,2025-09-07,5600000.00,3
LN001697,B00094,L002,2024-06-23,18100000.00,9
LN001698,B00352,L003,2025-01-12,8200000.00,6
LN001699,B00351,L002,2025-11-30,9300000.00,12
LN001700,B00278,L001,2025-09-28,17900000.00,6
LN001701,B00585,L001,2024-02-17,14400000.00,6
LN001702,B00383,L003,2024-02-20,21200000.00,9
LN001703,B01398,L003,2025-06-24,16600000.00,3
LN001704,B00624,L003,2025-03-12,17000000.00,9
LN001705,B00759,L002,2025-01-31,24400000.00,6
LN001706,B00267,L001,2026-02-21,2100000.00,9
LN001707,B00056,L003,2026-06-09,9300000.00,9
LN001708,B00162,L002,2026-08-16,28500000.00,12
LN001709,B00042,L003,2026-03-26,6500000.00,6
LN001710,B01181,L002,2024-09-12,1900000.00,12
LN001711,B00959,L003,2024-02-07,18800000.00,12
LN001712,B00696,L001,2025-08-24,9800000.00,6
LN001713,B01340,L002,2025-12-05,15400000.00,6
LN001714,B01368,L002,2026-04-26,10000000.00,18
LN001715,B00328,L001,2025-07-01,28400000.00,6
LN001716,B00676,L003,2026-03-03,6700000.00,12
LN001717,B00640,L001,2025-11-28,29700000.00,9
LN001718,B00691,L001,2025-01-18,29900000.00,6
LN001719,B00924,L001,2025-05-01,7200000.00,12
LN001720,B00034,L001,2024-04-09,18200000.00,12
LN001721,B00545,L003,2024-09-05,15000000.00,12
LN001722,B00956,L001,2024-03-27,19600000.00,9
LN001723,B00749,L001,2026-01-31,20500000.00,9
LN001724,B00191,L004,2025-06-02,7200000.00,6
LN001725,B01286,L001,2025-05-22,17500000.00,9
LN001726,B00030,L004,2024-08-31,5000000.00,12
LN001727,B01222,L004,2026-06-22,22600000.00,9
LN001728,B01246,L004,2025-09-26,4700000.00,18
LN001729,B00756,L003,2025-02-06,23800000.00,6
LN001730,B01093,L003,2025-10-24,5500000.00,6
LN001731,B01489,L003,2025-03-21,23700000.00,18
LN001732,B01378,L001,2025-08-02,29300000.00,12
LN001733,B01447,L001,2024-10-30,2900000.00,18
LN001734,B00918,L003,2025-07-16,5300000.00,3
LN001735,B01374,L001,2026-01-26,5800000.00,6
LN001736,B01302,L001,2025-01-13,12500000.00,12
LN001737,B00362,L001,2024-01-01,9500000.00,18
LN001738,B01247,L002,2025-02-02,28400000.00,12
LN001739,B01202,L002,2024-10-28,26100000.00,6
LN001740,B00149,L001,2025-11-09,4800000.00,12
LN001741,B01128,L004,2026-04-19,23700000.00,12
LN001742,B00929,L004,2024-04-21,24000000.00,3
LN001743,B01282,L002,2024-08-04,21900000.00,6
LN001744,B01348,L001,2025-02-27,29400000.00,12
LN001745,B01271,L002,2026-07-06,14800000.00,12
LN001746,B01380,L001,2025-08-29,2000000.00,12
LN001747,B00915,L002,2026-04-27,5600000.00,6
LN001748,B01163,L003,2024-08-25,19400000.00,9
LN001749,B01407,L001,2026-01-08,16900000.00,12
LN001750,B00135,L002,2024-07-13,25000000.00,12
LN001751,B01136,L001,2024-02-26,18400000.00,12
LN001752,B00757,L001,2025-03-14,2200000.00,9
LN001753,B00923,L003,2026-07-26,15700000.00,6
LN001754,B00675,L001,2024-03-13,20200000.00,3
LN001755,B01161,L001,2024-12-20,14100000.00,6
LN001756,B00885,L002,2026-08-11,26900000.00,6
LN001757,B01257,L003,2025-12-12,25600000.00,12
LN001758,B00982,L001,2024-12-04,13400000.00,12
LN001759,B00132,L003,2026-01-13,9000000.00,18
LN001760,B00595,L002,2025-04-09,13200000.00,9
LN001761,B00662,L001,2026-06-28,20400000.00,6
LN001762,B00113,L001,2025-01-13,12600000.00,18
LN001763,B01331,L001,2026-01-23,16500000.00,6
LN001764,B01265,L004,2025-01-29,29200000.00,12
LN001765,B00388,L004,2024-05-06,28700000.00,3
LN001766,B01090,L002,2025-07-19,26200000.00,9
LN001767,B01307,L001,2025-07-09,6500000.00,3
LN001768,B00839,L001,2025-08-30,13400000.00,12
LN001769,B01216,L002,2025-11-22,12100000.00,18
LN001770,B00232,L001,2024-10-31,2200000.00,3
LN001771,B00803,L001,2026-06-15,3600000.00,12
LN001772,B00785,L002,2024-03-29,9200000.00,6
LN001773,B00753,L001,2026-02-19,2700000.00,6
LN001774,B00362,L004,2026-05-28,24800000.00,18
LN001775,B01356,L003,2026-03-13,14200000.00,9
LN001776,B00911,L002,2026-08-05,19500000.00,9
LN001777,B00640,L001,2025-08-06,21800000.00,18
LN001778,B00213,L002,2026-05-22,17500000.00,12
LN001779,B00704,L003,2024-04-14,12200000.00,9
LN001780,B00726,L004,2024-07-01,5400000.00,9
LN001781,B01146,L003,2025-01-28,1900000.00,6
LN001782,B00828,L002,2025-12-27,5400000.00,6
LN001783,B01363,L001,2025-09-02,14500000.00,3
LN001784,B00943,L003,2025-02-24,28700000.00,12
LN001785,B00809,L002,2026-06-18,27200000.00,9
LN001786,B00960,L004,2025-05-23,27800000.00,12
LN001787,B01149,L004,2025-01-02,22500000.00,6
LN001788,B01136,L003,2025-07-16,27200000.00,6
LN001789,B00873,L002,2025-12-21,27500000.00,12
LN001790,B01262,L001,2025-03-25,7300000.00,6
LN001791,B00758,L003,2026-07-22,6600000.00,12
LN001792,B01150,L002,2024-01-11,15900000.00,9
LN001793,B00792,L004,2026-06-03,4100000.00,12
LN001794,B00438,L001,2024-12-30,4100000.00,6
LN001795,B00682,L001,2025-02-10,17100000.00,6
LN001796,B01311,L002,2026-03-14,13900000.00,6
LN001797,B00331,L003,2024-10-03,8000000.00,18
LN001798,B00066,L001,2024-06-16,21300000.00,6
LN001799,B00385,L004,2024-05-04,27700000.00,6
LN001800,B01489,L002,2024-10-03,20500000.00,6
LN001801,B00406,L004,2025-12-28,13200000.00,18
LN001802,B01428,L004,2026-06-22,17400000.00,6
LN001803,B00169,L003,2024-03-11,17000000.00,9
LN001804,B00041,L001,2025-10-06,2200000.00,12
LN001805,B00789,L002,2024-07-10,28100000.00,9
LN001806,B01354,L003,2025-01-10,13600000.00,12
LN001807,B00577,L001,2024-06-25,5200000.00,12
LN001808,B00714,L001,2025-12-26,7000000.00,12
LN001809,B01000,L002,2026-08-11,27500000.00,6
LN001810,B00555,L004,2024-09-15,4300000.00,6
LN001811,B00205,L002,2025-02-10,11700000.00,9
LN001812,B00441,L001,2025-05-25,20800000.00,6
LN001813,B01046,L002,2024-09-08,8900000.00,9
LN001814,B00795,L001,2025-12-31,19100000.00,6
LN001815,B00326,L001,2024-08-12,19500000.00,12
LN001816,B00887,L001,2025-06-01,19200000.00,12
LN001817,B00919,L002,2024-09-27,25800000.00,12
LN001818,B01059,L004,2024-09-12,26200000.00,9
LN001819,B01093,L003,2024-12-10,3300000.00,12
LN001820,B00237,L003,2025-12-26,26500000.00,12
LN001821,B00013,L003,2025-01-20,27700000.00,12
LN001822,B00885,L004,2026-04-14,10100000.00,12
LN001823,B01018,L001,2025-09-25,21100000.00,12
LN001824,B00617,L003,2025-11-03,21200000.00,6
LN001825,B00928,L004,2025-10-01,8700000.00,9
LN001826,B01391,L003,2024-12-30,22800000.00,9
LN001827,B01044,L002,2024-08-03,25300000.00,18
LN001828,B00109,L003,2025-07-05,15100000.00,12
LN001829,B00024,L003,2025-06-04,23100000.00,9
LN001830,B00126,L004,2024-03-30,2900000.00,18
LN001831,B01269,L002,2025-08-16,4900000.00,12
LN001832,B01296,L001,2026-02-20,14000000.00,3
LN001833,B00572,L001,2025-11-27,15200000.00,6
LN001834,B01371,L001,2026-06-30,23000000.00,3
LN001835,B00038,L001,2025-11-13,25700000.00,12
LN001836,B01178,L002,2026-02-25,12700000.00,12
LN001837,B00138,L003,2026-05-07,8100000.00,6
LN001838,B00331,L001,2026-03-18,7500000.00,12
LN001839,B00296,L003,2025-12-10,29300000.00,6
LN001840,B00136,L001,2024-11-12,25100000.00,6
LN001841,B00611,L001,2026-07-27,4000000.00,9
LN001842,B00993,L003,2026-08-21,23500000.00,6
LN001843,B00711,L003,2026-06-02,6600000.00,12
LN001844,B01139,L004,2025-04-02,24400000.00,6
LN001845,B01489,L001,2024-07-17,2000000.00,6
LN001846,B00949,L002,2024-04-01,10500000.00,6
LN001847,B00445,L002,2025-07-24,24000000.00,12
LN001848,B00726,L001,2025-08-01,12900000.00,6
LN001849,B00430,L001,2025-04-15,6500000.00,12
LN001850,B00499,L003,2025-11-22,16500000.00,9
LN001851,B01191,L004,2024-08-30,8800000.00,9
LN001852,B00319,L002,2024-10-13,9800000.00,9
LN001853,B01159,L003,2024-11-28,26100000.00,12
LN001854,B01062,L004,2024-04-18,27900000.00,9
LN001855,B00891,L002,2024-04-02,23000000.00,9
LN001856,B00945,L001,2025-08-15,26600000.00,9
LN001857,B01165,L002,2025-09-30,8000000.00,6
LN001858,B00783,L002,2025-05-07,8700000.00,12
LN001859,B01097,L001,2026-06-28,23500000.00,12
LN001860,B00775,L003,2024-12-11,16400000.00,12
LN001861,B00247,L001,2026-04-18,6200000.00,18
LN001862,B00121,L001,2026-06-16,15400000.00,3
LN001863,B01373,L001,2025-09-22,21600000.00,12
LN001864,B00521,L001,2025-01-17,11100000.00,6
LN001865,B00831,L002,2026-07-27,5800000.00,6
LN001866,B01277,L004,2025-01-30,25300000.00,9
LN001867,B00630,L003,2024-11-05,19100000.00,12
LN001868,B01180,L002,2024-07-30,9600000.00,12
LN001869,B00913,L003,2025-11-30,11700000.00,6
LN001870,B00086,L002,2026-01-22,23300000.00,12
LN001871,B00398,L001,2026-05-24,29600000.00,9
LN001872,B01000,L001,2025-06-26,13700000.00,18
LN001873,B00607,L003,2024-12-29,17600000.00,6
LN001874,B00397,L002,2026-08-03,6000000.00,9
LN001875,B01385,L002,2025-10-07,14400000.00,12
LN001876,B00820,L001,2025-10-17,27300000.00,6
LN001877,B00279,L001,2025-06-02,22100000.00,18
LN001878,B00256,L004,2025-04-05,2500000.00,6
LN001879,B00194,L003,2024-03-07,15300000.00,9
LN001880,B00231,L004,2026-07-11,12200000.00,6
LN001881,B00743,L004,2025-09-06,17300000.00,9
LN001882,B00334,L003,2025-05-24,29600000.00,6
LN001883,B01093,L002,2024-01-09,9400000.00,6
LN001884,B00937,L001,2025-02-27,20200000.00,6
LN001885,B00114,L001,2024-09-29,20000000.00,6
LN001886,B00358,L002,2025-06-05,22300000.00,6
LN001887,B00390,L002,2026-02-11,23700000.00,12
LN001888,B00065,L003,2024-03-07,4400000.00,12
LN001889,B00755,L001,2025-02-04,21900000.00,12
LN001890,B00342,L003,2025-08-15,5200000.00,12
LN001891,B01366,L001,2025-08-16,4000000.00,6
LN001892,B00094,L003,2026-01-14,25500000.00,18
LN001893,B00817,L003,2026-04-12,18100000.00,3
LN001894,B01385,L002,2024-02-04,18900000.00,18
LN001895,B00739,L002,2025-05-02,7600000.00,9
LN001896,B00406,L001,2024-08-09,22000000.00,9
LN001897,B00537,L001,2025-05-10,13900000.00,6
LN001898,B01280,L004,2026-07-31,27800000.00,6
LN001899,B00990,L001,2025-04-02,10200000.00,12
LN001900,B00986,L001,2026-01-17,10100000.00,12
LN001901,B00148,L001,2026-07-12,27400000.00,6
LN001902,B00837,L001,2024-01-23,11200000.00,3
LN001903,B00179,L001,2024-01-27,25600000.00,12
LN001904,B00262,L001,2024-02-16,15400000.00,9
LN001905,B01268,L002,2026-05-26,15300000.00,12
LN001906,B00063,L001,2025-01-20,4300000.00,3
LN001907,B00853,L003,2025-02-02,20500000.00,12
LN001908,B00827,L002,2025-09-16,20400000.00,9
LN001909,B00029,L002,2026-07-09,26800000.00,12
LN001910,B00235,L002,2024-12-28,28000000.00,9
LN001911,B01375,L003,2025-04-22,6600000.00,9
LN001912,B00795,L001,2024-03-15,27300000.00,12
LN001913,B00941,L003,2026-03-19,5600000.00,12
LN001914,B00351,L003,2024-02-29,4100000.00,12
LN001915,B00620,L001,2025-10-07,9500000.00,12
LN001916,B00086,L003,2024-02-14,13300000.00,6
LN001917,B00479,L001,2026-07-09,24000000.00,12
LN001918,B00847,L003,2024-11-24,28500000.00,12
LN001919,B00791,L002,2024-02-26,22700000.00,18
LN001920,B01171,L002,2025-02-19,17900000.00,6
LN001921,B00306,L001,2025-01-05,15700000.00,6
LN001922,B00209,L001,2025-01-09,7200000.00,9
LN001923,B01491,L004,2026-04-07,7100000.00,12
LN001924,B00142,L001,2026-02-28,14100000.00,12
LN001925,B00537,L003,2025-04-23,12000000.00,6
LN001926,B01056,L002,2025-05-20,18200000.00,9
LN001927,B00254,L001,2025-11-18,25300000.00,3
LN001928,B00209,L003,2024-09-28,9900000.00,18
LN001929,B00350,L003,2024-11-07,13300000.00,18
LN001930,B00492,L001,2026-08-12,21400000.00,12
LN001931,B00903,L001,2024-07-14,22000000.00,9
LN001932,B01056,L001,2024-07-23,11500000.00,12
LN001933,B00587,L001,2024-12-18,23300000.00,9
LN001934,B00937,L002,2025-04-03,25200000.00,6
LN001935,B01276,L001,2024-02-12,15500000.00,6
LN001936,B00358,L001,2025-07-10,24000000.00,6
LN001937,B00982,L002,2024-08-18,16600000.00,12
LN001938,B01047,L001,2026-08-17,26300000.00,12
LN001939,B00640,L001,2026-01-11,20400000.00,12
LN001940,B00516,L003,2024-09-29,20200000.00,18
LN001941,B00984,L003,2024-02-17,21000000.00,12
LN001942,B01189,L001,2026-04-24,24600000.00,12
LN001943,B00359,L002,2025-11-05,18200000.00,12
LN001944,B01089,L002,2025-05-09,7600000.00,12
LN001945,B01472,L001,2024-04-22,3800000.00,12
LN001946,B00578,L001,2025-08-08,26300000.00,12
LN001947,B00389,L003,2025-11-10,22300000.00,6
LN001948,B00020,L001,2024-07-11,15800000.00,6
LN001949,B00069,L001,2025-07-22,5800000.00,18
LN001950,B00811,L001,2026-07-12,12600000.00,12
LN001951,B00104,L002,2024-10-25,14600000.00,12
LN001952,B00908,L004,2024-02-25,22400000.00,9
LN001953,B00833,L003,2026-06-29,26100000.00,18
LN001954,B00524,L002,2024-06-03,21600000.00,12
LN001955,B00238,L001,2026-08-28,20200000.00,12
LN001956,B00925,L003,2025-12-07,9300000.00,9
LN001957,B00018,L003,2025-01-31,9300000.00,6
LN001958,B00431,L001,2026-04-08,10500000.00,12
LN001959,B00592,L003,2026-03-05,8500000.00,12
LN001960,B00439,L001,2024-05-17,26300000.00,12
LN001961,B00852,L003,2024-03-17,22800000.00,6
LN001962,B00567,L004,2025-06-14,23300000.00,18
LN001963,B00460,L002,2025-09-05,11600000.00,9
LN001964,B00807,L003,2024-08-01,21000000.00,6
LN001965,B01265,L002,2024-11-09,18800000.00,12
LN001966,B01058,L001,2024-06-03,9600000.00,12
LN001967,B00089,L001,2025-09-30,1600000.00,6
LN001968,B00462,L001,2025-10-21,26700000.00,3
LN001969,B00295,L002,2026-02-08,23400000.00,12
LN001970,B00393,L003,2024-09-21,23300000.00,3
LN001971,B00023,L001,2025-08-04,16600000.00,6
LN001972,B00500,L003,2026-06-18,27100000.00,3
LN001973,B00482,L002,2025-11-28,15400000.00,9
LN001974,B00097,L001,2024-07-18,3100000.00,3
LN001975,B00263,L001,2025-06-16,3300000.00,6
LN001976,B01377,L003,2024-10-10,24700000.00,6
LN001977,B00212,L003,2026-08-25,22800000.00,6
LN001978,B00062,L002,2026-08-07,14200000.00,9
LN001979,B00794,L003,2025-04-10,24200000.00,6
LN001980,B00055,L001,2024-06-08,22500000.00,18
LN001981,B00102,L003,2025-07-05,27800000.00,6
LN001982,B00634,L001,2026-05-19,13700000.00,9
LN001983,B00324,L002,2026-02-17,10700000.00,9
LN001984,B01487,L001,2025-06-21,22100000.00,6
LN001985,B01247,L003,2025-09-02,13400000.00,9
LN001986,B00090,L003,2025-08-17,7200000.00,12
LN001987,B01493,L004,2025-06-24,7000000.00,3
LN001988,B00033,L001,2024-11-09,17200000.00,6
LN001989,B00276,L002,2026-05-14,11000000.00,9
LN001990,B00367,L003,2024-03-19,21400000.00,12
LN001991,B00497,L004,2026-07-13,9000000.00,9
LN001992,B01002,L001,2024-10-24,15300000.00,12
LN001993,B01119,L001,2024-04-08,18400000.00,12
LN001994,B00100,L001,2026-02-23,14600000.00,3
LN001995,B01381,L002,2025-03-12,10200000.00,6
LN001996,B00924,L001,2025-02-17,23600000.00,3
LN001997,B00010,L001,2024-12-17,12300000.00,12
LN001998,B00552,L002,2026-06-12,26400000.00,18
LN001999,B00348,L001,2025-01-16,28800000.00,18
LN002000,B00551,L001,2025-04-19,4000000.00,12
